method,t_h,x_m,z_m,u_m_s,w_m_s,m_kg,a,c,C_D,Re,S_i,η,R,driving_factor,m_dot
BDF,480.0,3278474.6960882824,9618.028800540136,1.909855997400792,3.316879115610371e-07,1.0802282313227853e-09,5.368757868159014e-05,0.00010737515736318027,9.830421509939587,2.4491834226132077,1.0022047686293472,1.0236057601080273,0.0022046962140683316,7.241527882201337e-08,1.2565091764933186e-19
BDF,480.1666666666667,3279620.609404478,9618.02899138598,1.9098550431634171,3.049910811414837e-07,1.0802283122070442e-09,5.3687580061555364e-05,0.00010737516012311073,9.830421116562059,2.4491835372964323,1.0022047829574998,1.023605798277196,0.002204699835332876,8.31221669420415e-08,1.4422891061602104e-19
BDF,480.3333333333333,3280766.522171519,9618.029165428234,1.9098541729430665,2.753065034877243e-07,1.0802284037771766e-09,5.368758162383205e-05,0.0001073751632476641,9.830420636911356,2.449183677131302,1.0022047960245621,1.0236058330856468,0.0022047031509465267,9.287361561229057e-08,1.6114908070093763e-19
BDF,480.5,3281912.4344437155,9618.029320870777,1.909853395720456,2.429779694468408e-07,1.0802285049614854e-09,5.368758335013597e-05,0.00010737516670027193,9.830420076790245,2.449183840426115,1.002204807695039,1.0236058641741554,0.0022047061265981914,1.0156844075471724e-07,1.762358591332892e-19
BDF,480.6666666666667,3283058.3462744085,9618.029456360033,1.9098527182635827,2.0833853798913864e-07,1.0802286147091817e-09,5.368758522253958e-05,0.00010737517044507916,9.830419442237831,2.449184025420273,1.0022048178680578,1.0236058912720067,0.0022047087362504986,1.0913180731927236e-07,1.893593963704007e-19
BDF,480.8333333333333,3284204.257728524,9618.02957052588,1.9098521474231647,1.717891915702737e-07,1.0802287317425633e-09,5.3687587219244004e-05,0.00010737517443848801,9.830418740816032,2.44918422990922,1.0022048264392327,1.0236059141051759,0.0022047109533891393,1.1548584355957833e-07,2.003845736216139e-19
BDF,481.0,3285350.1688734475,9618.029662288078,1.9098516886005232,1.3374005860457292e-07,1.0802288547369434e-09,5.368758931764876e-05,0.00010737517863529752,9.830417980625372,2.4491844515313805,1.0022048333285405,1.0236059324576157,0.0022047127568745268,1.2057166596298602e-07,2.0920921928255445e-19
BDF,481.1666666666667,3286496.0797779523,9618.029730862558,1.9098513457161543,9.460658438128902e-08,1.0802289823415737e-09,5.368759149470874e-05,0.00010737518298941748,9.830417170203392,2.4491846877977714,1.002204838477766,1.0236059461725115,0.002204714131074391,1.2434669158928324e-07,2.1575944546827334e-19
BDF,481.3333333333333,3287641.9905122495,9618.02977573214,1.9098511213560763,5.480834425410008e-08,1.0802291131787234e-09,5.368759372691849e-05,0.00010737518745383698,9.830416318481262,2.449184936104652,1.0022048418462361,1.023605955146428,0.0022047150653169484,1.2678091920129836e-07,2.1998319525418806e-19
BDF,481.5,3288787.901147763,9618.029796630146,1.9098510168537868,1.476853970118183e-08,1.0802292458479676e-09,5.368759599038538e-05,0.00010737519198077077,9.830415434749264,2.4491851937435842,1.0022048434151543,1.0236059593260292,0.0022047155535880754,1.2786156618075153e-07,2.2185828841340567e-19
BDF,481.6666666666667,3289933.811756469,9618.029793539046,1.9098510322970863,-2.5089839185577342e-08,1.0802293789390766e-09,5.368759826104951e-05,0.00010737519652209902,9.830414528568324,2.449185457927228,1.0022048431827495,1.0236059587078092,0.002204715594515751,1.275882337429049e-07,2.2138403239041166e-19
BDF,481.8333333333333,3291079.722410072,9618.029766692027,1.9098511665201752,-6.4349038714322e-08,1.080229511048551e-09,5.368760051496581e-05,0.00010737520102993161,9.830413609658324,2.4491857258218994,1.002204841167233,1.0236059533384054,0.002204715191411466,1.2597582160767118e-07,2.185862797027473e-19
BDF,482.0,3292225.6331792,9618.029716570592,1.9098514171156498,-1.0260111975478737e-07,1.0802296407949733e-09,5.368760272856596e-05,0.00010737520545713192,9.830412687791833,2.44918599457855,1.0022048374043122,1.0236059433141185,0.0022047143522368894,1.2305207532049486e-07,2.1351317221644083e-19
BDF,482.1666666666667,3293371.5441326564,9618.029643897631,1.9098517804691744,-1.3945223093298324e-07,1.0802297668336135e-09,5.368760487890758e-05,0.00010737520975781516,9.830411772689496,2.4491862613632693,1.0022048319483436,1.0236059287795263,0.0022047130894853285,1.1885885831553616e-07,2.0623734838805683e-19
BDF,482.3333333333333,3294517.455336724,9618.02954962735,1.90985225180986,-1.745266246677985e-07,1.0802298878701965e-09,5.3687606943909075e-05,0.00010737521388781815,9.830410873918087,2.4491865233870014,1.0022048248702013,1.0236059099254702,0.002204711420004053,1.1345019729647882e-07,1.968525517451927e-19
BDF,482.5,3295663.3668544902,9618.029434933012,1.9098528252714682,-2.0747037107988234e-07,1.0802300026738348e-09,5.3687608902570356e-05,0.00010737521780514071,9.83041000079278,2.4491867779340386,1.0022048162585624,1.0236058869866025,0.002204709364775043,1.0689378734897101e-07,1.8547624250076982e-19
BDF,482.6666666666667,3296809.2787452145,9618.029301192755,1.9098534939634064,-2.3795487646161055e-07,1.080230110089419e-09,5.368761073518415e-05,0.0001073752214703683,9.83040916228162,2.449187022389873,1.0022048062181983,1.0236058602385512,0.0022047069486596307,9.926953866562505e-08,1.7224707593389485e-19
BDF,482.8333333333333,3297955.1910637347,9618.029149973436,1.9098542500515217,-2.656801516533958e-07,1.0802302090491733e-09,5.3687612423533194e-05,0.00010737522484706639,9.83040836691373,2.449187254267953,1.002204794863988,1.0236058299946873,0.0022047042001054596,9.066388259810002e-08,1.5731502258209142e-19
BDF,483.0,3299101.103859929,9618.028983012578,1.9098550848482594,-2.9037783148479984e-07,1.0802302985835099e-09,5.368761395107542e-05,0.00010737522790215084,9.830407622690903,2.449187471235465,1.0022047823287477,1.0236057966025158,0.0022047011508177536,8.117792990288211e-08,1.4085552399802575e-19
BDF,483.1666666666667,3300247.017178232,9618.02880219864,1.9098559889114084,-3.118137024712073e-07,1.0802303778302514e-09,5.3687615303101265e-05,0.00010737523060620253,9.830406937008652,2.4491876711363436,1.0022047687538824,1.023605760439728,0.0022046978353978436,7.091848458094449e-08,1.2305390046538974e-19
BDF,483.3333333333333,3301392.931057212,9618.028609549869,1.909856952149768,-3.297897621234738e-07,1.0802304460425293e-09,5.368761646686847e-05,0.00010737523293373694,9.830406316585849,2.44918785201179,1.002204754289454,1.023605721909974,0.0022046942909545817,5.999849952108283e-08,1.0410614160983635e-19
BDF,483.5,3302538.8455292163,9618.028407191994,1.909857963934728,-3.4414604721485406e-07,1.0802305025957336e-09,5.3687617431720595e-05,0.00010737523486344119,9.83040576739887,2.4491880121194654,1.0022047390965698,1.023605681438399,0.002204690556692995,4.8539876823690264e-08,8.422376536816012e-20
BDF,483.6666666666667,3303684.7606212837,9618.028197444028,1.9098590126713173,-3.5475656165959483e-07,1.0802305469702536e-09,5.3687618188792626e-05,0.00010737523637758525,9.830405294868832,2.4491881498789145,1.0022047233487186,1.0236056394888056,0.002204686675502795,3.6673215778396107e-08,6.363338068678063e-20
BDF,483.8333333333333,3304830.6763503193,9618.027982526883,1.9098600872549618,-3.6155294718739085e-07,1.0802305788443751e-09,5.368761873259581e-05,0.00010737523746519162,9.830404902999113,2.4491882641230003,1.0022047072128821,1.0236055965053765,0.0022046826885897194,2.4524292409344728e-08,4.255322755520167e-20
BDF,484.0,3305976.5927291564,9618.027764854382,1.9098611756165815,-3.6449465973578286e-07,1.0802305979770532e-09,5.3687619059017694e-05,0.00010737523811803539,9.83040459538667,2.4491883538030734,1.0022046908696232,1.0236055529708763,0.002204678640819113,1.2228804047512143e-08,2.1218760967117396e-20
BDF,484.1666666666667,3307122.50976172,9618.02754661761,1.9098622668007117,-3.6358954119357606e-07,1.0802306043007363e-09,5.368761916690581e-05,0.00010737523833381162,9.830404374279375,2.4491884182637937,1.0022046744848125,1.0236055093235221,0.002204674573028432,-8.82158911891251e-11,-1.530674586708537e-22
BDF,484.3333333333333,3308268.4274459537,9618.02733006928,1.9098633495437891,-3.588810894100873e-07,1.0802305978653327e-09,5.368761905711164e-05,0.00010737523811422328,9.83040424118274,2.4491884570662465,1.0022046582263273,1.0236054660138563,0.0022046705272921376,-1.2300964821396199e-08,-2.1343971433135296e-20
BDF,484.5,3309414.345773354,9618.027117456397,1.909864412610792,-3.5045110267407215e-07,1.08023057884719e-09,5.368761873264383e-05,0.00010737523746528766,9.830404196732557,2.4491884700250726,1.0022046422634376,1.0236054234912795,0.0022046665456718567,-2.4282234217277987e-08,-4.2133225126919626e-20
BDF,484.6666666666667,3310560.2647288404,9618.026910973887,1.9098654450270234,-3.384191698630053e-07,1.0802305475512382e-09,5.368761819870478e-05,0.00010737523639740956,9.830404240650287,2.4491884572214757,1.0022046267608746,1.0236053821947775,0.0022046626693527182,-3.590847808985706e-08,-6.23064577418054e-20
BDF,484.8333333333333,3311706.1842908855,9618.026712734978,1.9098664362263056,-3.229415055578136e-07,1.0802305044081264e-09,5.368761746264176e-05,0.00010737523492528353,9.830404371737297,2.4491884190049014,1.0022046118771197,1.0236053425469958,0.00220465893808838,-4.706096864677892e-08,-8.165765877248855e-20
BDF,485.0,3312852.1044317787,9618.026524748448,1.909867376164685,-3.042092412214849e-07,1.0802304499694452e-09,5.3687616533865434e-05,0.00010737523306773087,9.830404587888484,2.449188355989064,1.0022045977628133,1.0236053049496896,0.002204655389772961,-5.762695961825798e-08,-9.999119656906076e-20
BDF,485.1666666666667,3313998.0251179724,9618.026348898498,1.909868255421091,-2.8244604358126597e-07,1.0802303849006282e-09,5.3687615423728705e-05,0.00010737523084745741,9.83040488612401,2.449188269042699,1.0022045845604026,1.0236052697796998,0.0022046520600602867,-6.749965766406421e-08,-1.17121768743674e-19
BDF,485.3333333333333,3315143.9463104843,9618.026186926274,1.9098690652897217,-2.579052844766644e-07,1.080230309972302e-09,5.36876141453792e-05,0.0001073752282907584,9.830405262632903,2.449188159276844,1.0022045723989434,1.0236052373852549,0.0022046489820124766,-7.658306902698364e-08,-1.328828118391432e-19
BDF,485.5,3316289.867965352,9618.026040412848,1.9098697978651296,-2.3086752739725642e-07,1.0802302260527347e-09,5.368761271363037e-05,0.00010737522542726074,9.83040571281091,2.449188028033813,1.002204561399552,1.0236052080825695,0.002204646185776947,-8.47862248951059e-08,-1.4711648150181763e-19
BDF,485.6666666666667,3317435.790036554,9618.025910696926,1.909870446453684,-2.0162201645147696e-07,1.0802301340494462e-09,5.368761114396538e-05,0.00010737522228793076,9.830406231589047,2.449187876791401,1.0022045516599678,1.0236051821393852,0.0022046436970074596,-9.203703965794674e-08,-1.596976985858675e-19
BDF,485.8333333333333,3318581.712470295,9618.025799089488,1.909871004500398,-1.7050258147585736e-07,1.0802300350217316e-09,5.368760945445679e-05,0.00010737521890891357,9.830406812853,2.449187707332156,1.002204543280483,1.0236051598178977,0.0022046415409527446,-9.826046982672199e-08,-1.7049625170046102e-19
BDF,486.0,3319727.635215235,9618.025706525279,1.9098714673314385,-1.378246253117047e-07,1.0802299299792917e-09,5.368760766233105e-05,0.0001073752153246621,9.830407450500243,2.4491875214351926,1.002204536331099,1.023605141305056,0.0022046397358039794,-1.0340470501862473e-07,-1.7942224238139865e-19
BDF,486.1666666666667,3320873.5582098975,9618.025633903559,1.9098718304503939,-1.0396228192436998e-07,1.080229820130368e-09,5.368760578820192e-05,0.00010737521157640384,9.830408137055887,2.4491873212797124,1.0022045308781908,1.0236051267807118,0.0022046382992372106,-1.0742104637490729e-07,-1.8639117122097627e-19
BDF,486.3333333333333,3322019.4813917256,9618.025581863882,1.9098720906593885,-6.929109694121442e-08,1.0802297067033367e-09,5.368760385302667e-05,0.00010737520770605335,9.830408864714386,2.4491871091413193,1.0022045269714535,1.0236051163727764,0.0022046372440971376,-1.1027264367998238e-07,-1.9133909802661252e-19
BDF,486.5,3323165.404698036,9618.02555078529,1.909872246063085,-3.418501393460505e-08,1.0802295909277942e-09,5.368760187778341e-05,0.00010737520375556682,9.830409625429954,2.44918688736565,1.0022045246378966,1.0236051101570582,0.0022046365783679597,-1.1194047140530156e-07,-1.942330111130098e-19
BDF,486.6666666666667,3324311.3280658694,9618.025540811277,1.909872295943905,9.842791277351446e-10,1.08022947403772e-09,5.3687599883525005e-05,0.00010737519976705001,9.830410410942395,2.4491866583608526,1.0022045238890747,1.0236051081622555,0.0022046363056415345,-1.1241656687347237e-07,-1.950590945148086e-19
BDF,486.8333333333333,3325457.251432125,9618.02555186484,1.9098722406867736,3.5847351493002126e-08,1.0802293572688843e-09,5.36875978913349e-05,0.0001073751957826698,9.830411212798827,2.449186424591244,1.0022045247190645,1.023605110372968,0.0022046364253964995,-1.1170633198390872e-07,-1.9382672179731237e-19
BDF,487.0,3326603.174734131,9618.025583652476,1.9098720817590422,7.004029970503576e-08,1.080229241847774e-09,5.368759592213817e-05,0.00010737519184427634,9.830412022432153,2.4491861885544397,1.002204527105348,1.0236051167304951,0.0022046369330645014,-1.0982771659262189e-07,-1.9056703908044013e-19
BDF,487.1666666666667,3327749.0979103683,9618.025635666369,1.909871821699728,1.0320901505145685e-07,1.0802291289773255e-09,5.368759399645808e-05,0.00010737518799291616,9.830412831260007,2.449185952752505,1.0022045310111702,1.0236051271332738,0.0022046378200604923,-1.0680889025137252e-07,-1.8532892514605154e-19
BDF,487.3333333333333,3328895.02090116,9618.025707189861,1.909871464091997,1.3501316521006077e-07,1.0802290198234719e-09,5.36875921341866e-05,0.0001073751842683732,9.830413630780791,2.449185719663954,1.0022045363802554,1.0236051414379723,0.0022046390738748554,-1.0269361943801569e-07,-1.7818832169128288e-19
BDF,487.5,3330040.943649296,9618.02579730663,1.9098710135173835,1.65129723000632e-07,1.0802289155030298e-09,5.368759035437773e-05,0.00010737518070875546,9.830414412663634,2.4491854917175298,1.0022045431465034,1.0236051594613258,0.0022046406782356373,-9.753173221349956e-08,-1.6923168810340928e-19
BDF,487.6666666666667,3331186.866100606,9618.02590491232,1.9098704754975342,1.9325611136423417e-07,1.080228817072599e-09,5.368758867505812e-05,0.00010737517735011624,9.830415168832822,2.449185271267582,1.0022045512254467,1.023605180982464,0.0022046426133175666,-9.138787085069544e-08,-1.5857118852158655e-19
BDF,487.8333333333333,3332332.7882044967,9618.02602872796,1.9098698564272318,2.1911324155507928e-07,1.0802287255178782e-09,5.368758711304477e-05,0.00010737517422608954,9.83041589155135,2.4491850605697163,1.0022045605216034,1.023605205745592,0.0022046448559842266,-8.433438077742883e-08,-1.4633235310483543e-19
BDF,488.0,3333478.7099144533,9618.026167314925,1.909869163499557,2.4244832283284076e-07,1.080228641743746e-09,5.368758568377581e-05,0.00010737517136755163,9.830416573500933,2.449184861757466,1.0022045709271277,1.023605233462985,0.0022046473800601584,-7.645293248915302e-08,-1.3265689227230896e-19
BDF,488.1666666666667,3334624.6311884946,9618.02631909137,1.9098684046236296,2.6303715783829704e-07,1.0802285665658142e-09,5.3687584401166405e-05,0.00010737516880233281,9.830417207852362,2.4491846768217775,1.0022045823220318,1.0236052638182742,0.002204650156631152,-6.783459935129701e-08,-1.17702831691245e-19
BDF,488.3333333333333,3335770.551987814,9618.026482265172,1.9098675887600203,2.806771005281918e-07,1.0802285007367607e-09,5.368758327805801e-05,0.00010737516655611602,9.830417788031886,2.449184507679123,1.0022045945736178,1.0236052964530344,0.002204653152812377,-5.8579194608335966e-08,-1.0164336188780415e-19
BDF,488.5,3336916.4722828628,9618.026655047579,1.9098667248524333,2.9521938818341013e-07,1.0802284448275586e-09,5.3687582324192e-05,0.000107375164648384,9.830418308694599,2.4491843558877235,1.0022046075460112,1.023605331009516,0.0022046563356473885,-4.878963623822924e-08,-8.46570604446253e-20
BDF,488.6666666666667,3338062.39204622,9618.026835449959,1.9098658228439886,3.0653207227230995e-07,1.0802283993666566e-09,5.368758154858424e-05,0.00010737516309716848,9.83041876464217,2.4491842229630683,1.002204621090234,1.0236053670899918,0.0022046596684182403,-3.8578184235679713e-08,-6.693871460121928e-20
BDF,488.8333333333333,3339208.3112595393,9618.027021605047,1.9098648920709929,3.145337182265542e-07,1.0802283647055433e-09,5.36875809572315e-05,0.000107375161914463,9.830419151963177,2.4491841100454668,1.002204635066768,1.0236054043210094,0.002204663116540736,-2.8049772801339024e-08,-4.867040019474211e-20
BDF,489.0,3340354.229909119,9618.027211543951,1.9098639423778896,3.19171110527569e-07,1.0802283411044527e-09,5.368758055457364e-05,0.00010737516110914728,9.830419467276652,2.449184018120582,1.0022046493275683,1.0236054423087904,0.0022046666434666234,-1.7315898370121735e-08,-3.004557941082893e-20
BDF,489.1666666666667,3341500.1479867613,9618.02740325078,1.9098629838441408,3.2042468115104757e-07,1.0802283287154068e-09,5.368758034320431e-05,0.00010737516068640862,9.830419707906456,2.449183947968601,1.0022046637204856,1.0236054806501562,0.0022046702116904167,-6.491204860951949e-09,-1.1263175709209193e-20
BDF,489.3333333333333,3342646.065490196,9618.02759470179,1.909862026588431,3.1830968947754133e-07,1.0802283275741182e-09,5.36875803237328e-05,0.0001073751606474656,9.83041987195779,2.4491839001419167,1.0022046780949556,1.0236055189403581,0.002204673783473923,4.311481691197244e-09,7.481041791004116e-21
BDF,489.5,3343791.9824231775,9618.02778389216,1.9098610806349319,3.128765127349847e-07,1.080228337598356e-09,5.3687580494756176e-05,0.00010737516098951235,9.830419958352156,2.4491838749549473,1.002204692299217,1.023605556778432,0.002204677321344697,1.4977872240216905e-08,2.5988765468799752e-20
BDF,489.6666666666667,3344937.8987954147,9618.027968857823,1.909860155803959,3.0420994731893487e-07,1.0802283585893374e-09,5.368758085288301e-05,0.00010737516170576601,9.830419966835743,2.449183872481685,1.0022047061862462,1.0236055937715647,0.002204680788504483,2.5397741758217268e-08,4.4068739375558285e-20
BDF,489.8333333333333,3346083.8146224148,9618.028147695677,1.9098592616110874,2.92427945473833e-07,1.0802283902350903e-09,5.3687581392790725e-05,0.00010737516278558145,9.830419897973131,2.4491838925575373,1.002204719613492,1.0236056295391354,0.0022046841492087015,3.546428329953208e-08,6.153563842473355e-20
BDF,490.0,3347229.7299252725,9618.028318582881,1.9098584071705633,2.7768011674234e-07,1.0802284321145753e-09,5.368758210729598e-05,0.00010737516421459196,9.830419753134839,2.44918393478295,1.0022047324436991,1.0236056637165762,0.002204687369129807,4.5074569313130475e-08,7.821086881772099e-20
BDF,490.1666666666667,3348375.644730399,9618.02847979521,1.909857601103544,2.601458657331487e-07,1.0802284837031746e-09,5.368758298744827e-05,0.00010737516597489654,9.830419534475318,2.4491839985298274,1.0022047445475084,1.023605695959042,0.002204690415703684,5.413180472401899e-08,9.392647744820805e-20
BDF,490.3333333333333,3349521.5590691986,9618.028629724282,1.9098568514520262,2.400322985512714e-07,1.0802285443788528e-09,5.368758402263503e-05,0.00010737516804527006,9.830419244904824,2.4491840829497318,1.002204755803862,1.0236057259448565,0.0022046932584557965,6.254540623872734e-08,1.0852528949423859e-19
BDF,490.5,3350667.4729777016,9618.028766893454,1.9098561655992872,2.175718642607889e-07,1.0802286134294578e-09,5.368758520070623e-05,0.00010737517040141246,9.830418888053298,2.449184186984413,1.0022047661033482,1.0236057533786909,0.0022046958693031442,7.023404504378009e-08,1.218661879265622e-19
BDF,490.6666666666667,3351813.3864961443,9618.02888997224,1.9098555501978571,1.9301973917880627e-07,1.080228690060721e-09,5.368758650811085e-05,0.0001073751730162217,9.830418468227359,2.4491843093783463,1.0022047753434913,1.023605777994448,0.002204698222829336,7.712066194725045e-08,1.3381546405228951e-19
BDF,490.8333333333333,3352959.299666322,9618.028997844747,1.9098550108272472,1.66637111111101e-07,1.0802287734491587e-09,5.3687587930799446e-05,0.00010737517586159889,9.830417990107298,2.449184448767067,1.002204783442554,1.0236057995689496,0.002204700297600783,8.314495325394133e-08,1.4426848230460665e-19
BDF,491.0,3354105.2125368277,9618.029089428775,1.9098545528985766,1.3872408788445917e-07,1.0802288626383041e-09,5.3687589452453715e-05,0.00010737517890490743,9.830417459296656,2.449184603516955,1.0022047903188183,1.0236058178857552,0.002204702072714068,8.824610419353243e-08,1.5311972024517213e-19
BDF,491.1666666666667,3355251.1251537097,9618.02916396844,1.909854180191328,1.0956246884615237e-07,1.0802289567227233e-09,5.368759105762607e-05,0.00010737518211525214,9.830416881335356,2.449184772012932,1.0022047959154787,1.023605832793688,0.0022047035333929168,9.238208581322307e-08,1.602962514646883e-19
BDF,491.3333333333333,3356397.03757188,9618.02922075122,1.9098538962682265,7.948512242803687e-08,1.0802290546237266e-09,5.368759272791299e-05,0.00010737518545582598,9.830416262970727,2.449184952287922,1.002204800178422,1.023605844150244,0.002204704665541868,9.551288019347959e-08,1.6572863890440687e-19
BDF,491.5,3357542.9498469336,9618.029259293182,1.9098537035490344,4.882456060997391e-08,1.0802291552500695e-09,5.3687594444696764e-05,0.00010737518888939353,9.83041561120533,2.449185142300436,1.0022048030720776,1.0236058518586364,0.0022047054593217915,9.761275580758358e-08,1.6937223439195395e-19
BDF,491.6666666666667,3358688.862034307,9618.029279338556,1.9098536033126934,1.791041613129453e-08,1.0802292575145805e-09,5.368759618942918e-05,0.00010737519237885836,9.830414933218142,2.449185339957555,1.002204804576698,1.0236058558677112,0.0022047059091542787,9.86675437486019e-08,1.7120245251468913e-19
BDF,491.8333333333333,3359834.7741894345,9618.029280838073,1.9098535958056804,-1.2931134629073216e-08,1.0802293603310513e-09,5.368759794357846e-05,0.00010737519588715693,9.830414236342923,2.449185543121232,1.002204804689644,1.0236058561676147,0.002204706013315098,9.86763288041842e-08,1.712177048925088e-19
BDF,492.0,3360980.686367648,9618.029263935607,1.9098536803086974,-4.337726074157322e-08,1.080229462616318e-09,5.3687599688664764e-05,0.00010737519937732953,9.8304135280511,2.4491857496132856,1.002204803420605,1.0236058527871215,0.0022047057736864733,9.764691855486743e-08,1.6943153842348825e-19
BDF,492.1666666666667,3362126.5986236804,9618.029228963987,1.9098538551576965,-7.311123505634273e-08,1.080229563299593e-09,5.3687601406419425e-05,0.00010737520281283885,9.830412815884769,2.4491859572349304,1.0022048007952429,1.0236058457927975,0.002204705195685871,9.559955700720948e-08,1.6587907899073452e-19
BDF,492.3333333333333,3363272.5110110296,9618.029176442242,1.9098541177576438,-1.0182617600838955e-07,1.080229661334982e-09,5.368760307899847e-05,0.00010737520615799695,9.830412107369101,2.4491861637923122,1.002204796852025,1.0236058352884485,0.00220470428822384,9.256380106414247e-08,1.606116117036706e-19
BDF,492.5,3364418.4235813604,9618.02910706995,1.9098544646107172,-1.2922855156985808e-07,1.0802297557133946e-09,5.3687604689185845e-05,0.00010737520937837169,9.830411409926795,2.449186367121452,1.0022047916429664,1.02360582141399,0.002204703063607373,8.857935901310579e-08,1.5369803581290535e-19
BDF,492.6666666666667,3365564.336383966,9618.029021718456,1.9098548913602922,-1.550412148359023e-07,1.0802298454730215e-09,5.368760622057217e-05,0.00010737521244114434,9.83041073079965,2.449186565111105,1.0022047852350253,1.023605804343691,0.002204701537383831,8.36976414885296e-08,1.4522755587117837e-19
BDF,492.8333333333333,3366710.249465276,9618.02892141996,1.9098553928454354,-1.7900610116244713e-07,1.0802299297088159e-09,5.368760765771647e-05,0.00010737521531543294,9.830410076975362,2.449186755724108,1.0022047777045497,1.023605784283992,0.002204699728144355,7.797640538776893e-08,1.3530038816492091e-19
BDF,493.0,3367856.162868399,9618.028807355164,1.909855963162712,-2.0088661576822955e-07,1.0802300075809768e-09,5.368760898629095e-05,0.0001073752179725819,9.830409455119792,2.4491869370171218,1.0022047691404874,1.0236057614710328,0.002204697657299511,7.14831878837266e-08,1.2403371923611616e-19
BDF,493.1666666666667,3369002.0766326976,9618.028680839609,1.9098565957345148,-2.2047013513781867e-07,1.0802300783239431e-09,5.3687610193234404e-05,0.00010737522038646881,9.830408871505027,2.449187107161605,1.0022047596415085,1.0236057361679218,0.0022046953488311784,6.429267727968771e-08,1.115571439434691e-19
BDF,493.3333333333333,3370147.990793403,9618.028543308676,1.9098572833839476,-2.375701291104425e-07,1.080230141254044e-09,5.3687611266882776e-05,0.00010737522253376555,9.83040833194489,2.4491872644626174,1.0022047493160693,1.0236057086617352,0.002204692829018163,5.648705112470606e-08,9.801325214832368e-20
BDF,493.5,3371293.9053827445,9618.0283963779,1.9098580180333922,-2.520201805059156e-07,1.0802301957469427e-09,5.368761219658429e-05,0.00010737522439316858,9.830407841997209,2.449187407299847,1.0022047382848112,1.02360567927558,0.0022046901275451195,4.815726603905543e-08,8.355986675150133e-20
BDF,493.6666666666667,3372439.8204248236,9618.028241648639,1.9098587916761194,-2.637008622422362e-07,1.0802302413372821e-09,5.368761297439951e-05,0.00010737522594879903,9.830407406135649,2.449187534369057,1.0022047266673022,1.0236056483297278,0.0022046872739498705,3.939335233319949e-08,6.83532034514145e-20
BDF,493.8333333333333,3373585.735941668,9618.028080894685,1.9098595954432016,-2.725085511576167e-07,1.0802302776007694e-09,5.368761359308961e-05,0.00010737522718617922,9.830407028677886,2.449187644411485,1.002204714598206,1.023605616178937,0.002204684301018515,3.0297187521809155e-08,5.257003463935541e-20
BDF,494.0,3374731.651947461,9618.027915772629,1.9098604210516892,-2.7838334813905386e-07,1.0802303042667922e-09,5.3687614048037694e-05,0.00010737522809607539,9.830406712814254,2.44918773649703,1.0022047022009979,1.0236055831545259,0.002204681239463883,2.0961534004642485e-08,3.637131672320019e-20
BDF,494.1666666666667,3375877.568452202,9618.027748022312,1.9098612598023799,-2.8129079000797186e-07,1.0802303211472394e-09,5.368761433603441e-05,0.00010737522867206882,9.830406461248002,2.4491878098375937,1.0022046896063976,1.0236055496044625,0.0022046781216134856,1.1484784150604666e-08,1.992777498161673e-20
BDF,494.3333333333333,3377023.4854610097,9618.027579418007,1.9098621028239153,-2.8122597489519116e-07,1.080230328149398e-09,5.368761445549799e-05,0.00010737522891099597,9.830406276055477,2.4491878638278446,1.0022046769472128,1.0236055158836015,0.0022046749805080357,1.9667047890421785e-09,3.412519627767736e-21
BDF,494.5,3378169.402973788,9618.02741173368,1.9098629412464907,-2.7821446875091473e-07,1.0802303252826114e-09,5.368761440658785e-05,0.0001073752288131757,9.830406158621537,2.4491878980640425,1.0022046643574916,1.023605482346736,0.002204671849258129,-7.491766569958647e-09,-1.2999307789756433e-20
BDF,494.6666666666667,3379315.3209851715,9618.027246719425,1.909863766319562,-2.723125533828391e-07,1.080230312659741e-09,5.36876141912295e-05,0.000107375228382459,9.830406109608852,2.4491879123529956,1.002204651968817,1.023605449343885,0.0022046687606056196,-1.679178859110772e-08,-2.913620287098659e-20
BDF,494.8333333333333,3380461.2394846077,9618.027086082477,1.9098645695069627,-2.636062614947042e-07,1.0802302904946407e-09,5.36876138130715e-05,0.000107375227626143,9.830406128959035,2.449187906711724,1.002204639907613,1.0236054172164955,0.0022046657465673407,-2.5838954347684462e-08,-4.483435555540111e-20
BDF,495.0,3381607.1584565146,9618.026931469698,1.9098653425743515,-2.522103666490371e-07,1.0802302590997012e-09,5.368761327744353e-05,0.00010737522655488705,9.830406215895698,2.4491878813665737,1.0022046282998314,1.0236053862939396,0.002204662838106571,-3.453827520294092e-08,-5.992894643831346e-20
BDF,495.1666666666667,3382753.0778804864,9618.026784450914,1.9098660776725236,-2.3826691109792717e-07,1.0802302188815478e-09,5.3687612591283e-05,0.000107375225182566,9.83040636893963,2.4491878367487883,1.0022046172616208,1.023605356890183,0.0022046600648188627,-4.2803198062324466e-08,-7.426979303229687e-20
BDF,495.3333333333333,3383898.997731551,9618.026646503193,1.9098667674161194,-2.2194335323202284e-07,1.0802301703355241e-09,5.368761176304094e-05,0.00010737522352608187,9.830406585933362,2.449187773487349,1.0022046069044304,1.0236053293006386,0.0022046574546344478,-5.0550204085987593e-08,-8.77119777574458e-20
BDF,495.5,3385044.9179804707,9618.026518996163,1.909867404956939,-2.0343068611478582e-07,1.0802301140400963e-09,5.3687610802586525e-05,0.00010737522160517305,9.830406864067399,2.4491876924013276,1.0022045973312357,1.0236053037992328,0.0022046550335403747,-5.7702304694356304e-08,-1.0012191403144931e-19
BDF,495.6666666666667,3386190.8385940827,9618.026403178535,1.909867984051349,-1.829413465661064e-07,1.0802300506504896e-09,5.368760972109852e-05,0.00010737521944219703,9.830407199912578,2.449187594490451,1.0022045886350024,1.0236052806357072,0.002204652825324032,-6.419032164053234e-08,-1.1137956739011722e-19
BDF,495.8333333333333,3387336.7595356805,9618.026300166006,1.9098684991208017,-1.6070671742295115e-07,1.0802299808907737e-09,5.368760853093024e-05,0.00010737521706186048,9.83040758946348,2.4491874809224456,1.002204580901306,1.0236052600332013,0.002204650851341684,-6.995003564271365e-08,-1.2137350795461685e-19
BDF,496.0,3388482.68076741,9618.026210884556,1.9098689455353153,-1.3696216833230795e-07,1.080229905506411e-09,5.3687607244799986e-05,0.00010737521448959997,9.830408028414446,2.4491873529525687,1.002204574198281,1.0236052421769113,0.002204649129425205,-7.493114418744354e-08,-1.3001645352711736e-19
BDF,496.1666666666667,3389628.6022454826,9618.026136222457,1.9098693188534503,-1.1197687445053682e-07,1.0802298253588535e-09,5.368760587740495e-05,0.0001073752117548099,9.830408511648224,2.449187212072687,1.002204568592584,1.0236052272444915,0.002204647676788702,-7.908420470228994e-08,-1.3722261409680184e-19
BDF,496.3333333333333,3390774.523928682,9618.026076785472,1.9098696160463242,-8.600204407626177e-08,1.0802297412581326e-09,5.368760444256505e-05,0.0001073752088851301,9.830409034151023,2.4491870597445047,1.0022045641299964,1.0236052153570945,0.0022046465053363272,-8.237533996027432e-08,-1.4293320785022874e-19
BDF,496.5,3391920.4457680513,9618.026033130654,1.9098698343285814,-5.933342920889103e-08,1.0802296541658668e-09,5.36876029566864e-05,0.0001073752059133728,9.830409589843876,2.4491868977402578,1.0022045608524897,1.023605206626131,0.002204645626175602,-8.477368594562648e-08,-1.4709468139623055e-19
BDF,496.6666666666667,3393066.367714272,9618.026005614138,1.9098699719194336,-3.226494536519213e-08,1.0802295650497828e-09,5.368760143627936e-05,0.00010737520287255873,9.830410172457555,2.449186727887656,1.002204558786773,1.0236052011228276,0.0022046450466692226,-8.625989627491018e-08,-1.4967346616125494e-19
BDF,496.8333333333333,3394212.289718399,9618.02599439257,1.909870028035586,-5.086631363135535e-09,1.0802294748693736e-09,5.368759989771382e-05,0.00010737519979542765,9.830410775599747,2.4491865520502865,1.0022045579439351,1.0236051988785142,0.0022046447704512457,-8.682651609758646e-08,-1.5065662715052206e-19
BDF,497.0,3395358.211731701,9618.025999441878,1.9098700027973188,2.1915755100417345e-08,1.0802293845790978e-09,5.368759835727376e-05,0.00010737519671454752,9.83041139277111,2.4491863721229423,1.0022045583227703,1.0236051998883755,0.0022046447977795195,-8.647500918590109e-08,-1.5004670450548513e-19
BDF,497.1666666666667,3396504.133705738,9618.026020569061,1.9098698971695296,4.846049804832392e-08,1.080229295127122e-09,5.368759683113584e-05,0.00010737519366227168,9.830412017376927,2.4491861900282172,1.0022045599090421,1.0236052041138124,0.002204645125755057,-8.521671294265884e-08,-1.4786337056942553e-19
BDF,497.3333333333333,3397650.0555927916,9618.026057416468,1.9098697129403772,7.427243444479085e-08,1.0802292074465926e-09,5.3687595335220435e-05,0.00010737519067044087,9.83041264278917,2.449186007698418,1.0022045626757223,1.0236052114832936,0.002204645748395044,-8.307267271171273e-08,-1.4414314237901696e-19
BDF,497.5,3398795.9773464175,9618.02610946499,1.9098694527053603,9.908613915105233e-08,1.0802291224451288e-09,5.3687593885012426e-05,0.00010737518777002485,9.830413262421475,2.449185827053701,1.0022045665836832,1.023605221892998,0.0022046466566849757,-8.007300179944249e-08,-1.3893827119540472e-19
BDF,497.6666666666667,3399941.898921969,9618.026176039704,1.9098691198390154,1.2264886815981918e-07,1.0802290409947483e-09,5.368759249538929e-05,0.00010737518499077858,9.830413869802149,2.449185649980794,1.0022045715815815,1.023605235207941,0.0022046478386762926,-7.625709479890455e-08,-1.3231711263971873e-19
BDF,497.8333333333333,3401087.8202770595,9618.026256318202,1.9098687184532652,1.4472334082967807e-07,1.080228963922135e-09,5.368759118045508e-05,0.00010737518236091017,9.830414458646592,2.4491854783118767,1.0022045776089126,1.0236052512636404,0.0022046492796346374,-7.167072206505296e-08,-1.2435908517453225e-19
BDF,498.0,3402233.7413719823,9618.026349340766,1.909868253346676,1.6508995403933102e-07,1.0802288920009434e-09,5.368758995340912e-05,0.00010737517990681824,9.830415022918421,2.4491853138067654,1.002204584593657,1.0236052698681533,0.002204650962224128,-6.636856721706566e-08,-1.1515907302812999e-19
BDF,498.1666666666667,3403379.6621701014,9618.026454021767,1.9098677299473388,1.8354890342902877e-07,1.080228825944154e-09,5.3687588826415547e-05,0.00010737517765283109,9.830415556890339,2.4491851581351654,1.0022045924526983,1.0236052908043534,0.0022046528667142655,-6.041401593706239e-08,-1.0482705972054441e-19
BDF,498.3333333333333,3404525.582638209,9618.026569162137,1.9098671542504864,1.9992208898323228e-07,1.080228766397213e-09,5.368758781048633e-05,0.00010737517562097266,9.830416055201004,2.4491850128600934,1.0022046010977477,1.0236053138324275,0.002204654971207719,-5.3873460047638294e-08,-9.347824480709848e-20
BDF,498.5,3405671.502746848,9618.026693462927,1.9098665327508513,2.140549060822412e-07,1.080228713931452e-09,5.368758691536896e-05,0.00010737517383073792,9.830416512910706,2.4491848794216438,1.0022046104297415,1.0236053386925854,0.0022046572518883223,-4.682214680643698e-08,-8.124319324704098e-20
BDF,498.6666666666667,3406817.4224693836,9618.026825471143,1.9098658727133755,2.258114907080841e-07,1.080228669062285e-09,5.368758614985692e-05,0.00010737517229971384,9.83041692533363,2.449184759185892,1.002204620341042,1.0236053650942285,0.002204659682023933,-3.934098196994515e-08,-6.826228825569757e-20
BDF,498.8333333333333,3407963.341786304,9618.026963756007,1.9098651812918965,2.3509693254496223e-07,1.0802286321663035e-09,5.368758552037522e-05,0.00010737517104075045,9.830417288739401,2.4491846532403705,1.0022046307235115,1.0236053927512014,0.002204662235194138,-3.151168262438553e-08,-5.467732076203943e-20
BDF,499.0,3409109.260680096,9618.027106738351,1.9098644663822302,2.4183136269380083e-07,1.0802286035797263e-09,5.368758503266013e-05,0.00010737517006532026,9.830417599565088,2.449184562623794,1.0022046414583785,1.0236054213476702,0.002204664882179484,-2.3423800974819303e-08,-4.064367670643239e-20
BDF,499.1666666666667,3410255.1791400155,9618.027252951098,1.9098637353197725,2.459723897826259e-07,1.0802285835067203e-09,5.368758469019492e-05,0.00010737516938038984,9.83041785522648,2.4491844880895464,1.002204652436314,1.0236054505902197,0.0022046675957544523,-1.5159440493704712e-08,-2.6303817352294215e-20
BDF,499.3333333333333,3411401.097159076,9618.027400859344,1.909862995779005,2.4750030067590327e-07,1.0802285720776357e-09,5.3687584495203495e-05,0.00010737516899040699,9.830418053580729,2.4491844302623407,1.0022046635414192,1.0236054801718688,0.002204670347373075,-6.80595383653268e-09,-1.1809312014656185e-20
BDF,499.5,3412547.0147346146,9618.027548903967,1.9098622555555504,2.464215949994458e-07,1.0802285693378108e-09,5.36875844484594e-05,0.0001073751688969188,9.830418193048233,2.4491843896026837,1.0022046746559188,1.0236055097807935,0.002204673107974526,1.5479442554144907e-09,2.6859066075445054e-21
BDF,499.6666666666667,3413692.931868546,9618.027695532479,1.9098615224118767,2.427695147538305e-07,1.080228575242861e-09,5.3687584549205355e-05,0.00010737516909841071,9.830418272663053,2.44918436639218,1.0022046856653877,1.0236055391064958,0.0022046758485552483,9.816832425083022e-09,1.703362033412095e-20
BDF,499.8333333333333,3414838.8485673885,9618.02783921966,1.9098608039740905,2.3660385451037554e-07,1.0802285896585945e-09,5.3687584795151936e-05,0.00010737516959030387,9.830418292090984,2.4491843607282577,1.0022046964533853,1.023605567843932,0.0022046785405540363,1.79128312434787e-08,3.10813458868778e-20
BDF,500.0,3415984.7648405475,9618.027978632867,1.9098601069054302,2.2799864560546853e-07,1.0802286123949943e-09,5.368758518305727e-05,0.00010737517036611453,9.830418251533741,2.4491843725521125,1.0022047069202116,1.0236055957265733,0.0022046811589619226,2.5761249651708173e-08,4.4699483712733554e-20
LSODA,480.0,3278474.334656542,9618.02882604848,1.9098558698574917,3.2643220336031473e-07,1.0802282477585856e-09,5.3687578962001106e-05,0.00010737515792400221,9.83042141915257,2.4491834490807776,1.0022047705439037,1.023605765209696,0.0022046967022519583,7.384165170857063e-08,1.281258803698577e-19
LSODA,480.1666666666667,3279620.247907552,9618.029013283985,1.909854933671705,2.9940472558246536e-07,1.080228329904491e-09,5.3687580363491256e-05,0.00010737516072698251,9.830421014278514,2.449183567115644,1.0022047846017854,1.0236058026567971,0.0022047002570795226,8.434470589189016e-08,1.4635019245878427e-19
LSODA,480.3333333333333,3280766.1606243504,9618.029183489623,1.909854082634319,2.694799804979492e-07,1.0802284224426587e-09,5.368758194228356e-05,0.00010737516388456713,9.830420524933906,2.449183709776628,1.002204797380539,1.0236058366979248,0.0022047035018161213,9.387872290395755e-08,1.628930876650591e-19
LSODA,480.5,3281912.072859936,9618.029335021676,1.9098533249641347,2.369920909309962e-07,1.0802285243272419e-09,5.368758368053482e-05,0.00010737516736106965,9.830419956870927,2.449183875386776,1.0022048087574587,1.0236058670043353,0.002204706405013769,1.023524448849969e-07,1.775962206113561e-19
LSODA,480.6666666666667,3283057.984672249,9618.02946645336,1.909852667795103,2.0230249925910364e-07,1.0802286344173643e-09,5.368758555878054e-05,0.00010737517111756107,9.830419316686738,2.4491840620227987,1.0022048186259063,1.023605893290672,0.00220470893920224,1.0968670402858316e-07,1.9032222377126339e-19
LSODA,480.8333333333333,3284203.8961232123,9618.029576580579,1.909852117147831,1.6579164697014224e-07,1.0802287514948214e-09,5.368758755623691e-05,0.00010737517511247382,9.830418611666767,2.449184267560744,1.0022048268939239,1.0236059153161157,0.0022047110810095335,1.1581291433889265e-07,2.0095209045055343e-19
LSODA,481.0,3285349.807278018,9618.029664432106,1.9098516778785866,1.2785613618502383e-07,1.0802288742783014e-09,5.368758965104348e-05,0.00010737517930208697,9.8304178497183,2.449184489695374,1.0022048334902856,1.0236059328864213,0.002204712811362419,1.206789231327117e-07,2.0939532799066173e-19
LSODA,481.1666666666667,3286495.7181871715,9618.029729455746,1.9098513527484475,8.880002196540984e-08,1.0802290017762057e-09,5.3687591826282584e-05,0.00010737518365256517,9.830417037119165,2.4491847265964894,1.00220483837211,1.0236059458911493,0.0022047141192216963,1.242528883554396e-07,2.1559668551691612e-19
LSODA,481.3333333333333,3287641.6289275005,9618.029770975374,1.9098511451381384,4.908333421830119e-08,1.0802291324804964e-09,5.36875940562256e-05,0.0001073751881124512,9.83041618354642,2.4491849754428965,1.002204841489085,1.0236059541950748,0.0022047149908529665,1.2649823198564863e-07,2.194926944221599e-19
LSODA,481.5,3288787.539579026,9618.029788569209,1.9098510571567613,9.182938884509826e-09,1.080229264821626e-09,5.368759631409451e-05,0.00010737519262818902,9.830415299325685,2.449185233224321,1.0022048428097035,1.0236059577138419,0.002204715417222504,1.2739248095175806e-07,2.2104436012502863e-19
LSODA,481.6666666666667,3289933.4502152004,9618.029782241712,1.909851088782115,-3.0467827571337295e-08,1.0802293973608138e-09,5.3687598575342297e-05,0.00010737519715068459,9.830414394258655,2.44918549708323,1.0022048423349106,1.0236059564483426,0.0022047153973474686,1.2693756311528415e-07,2.202550271302585e-19
LSODA,481.8333333333333,3291079.3609068245,9618.029752282619,1.9098512385656647,-6.945873029586316e-08,1.0802295287124353e-09,5.368760081632886e-05,0.00010737520163265772,9.830413477969932,2.4491857642137145,1.0022048400857895,1.0236059504565238,0.0022047149356078273,1.251501816450229e-07,2.171536772013593e-19
LSODA,482.0,3292225.271723367,9618.029699221035,1.9098515038619612,-1.0739144381098773e-07,1.0802296575176542e-09,5.3687603013871146e-05,0.00010737520602774229,9.830412560086357,2.4491860318092127,1.0022048361016465,1.023605939844207,0.0022047140408703123,1.2206077614450306e-07,2.1179312679089097e-19
LSODA,482.1666666666667,3293371.1827327143,9618.029623814113,1.9098518808854141,-1.4387667891913775e-07,1.0802297824497474e-09,5.368760514533398e-05,0.00010737521029066796,9.830411650252142,2.4491862970580955,1.0022048304401932,1.0236059247628226,0.002204712726280947,1.1771391220365829e-07,2.0425070299611834e-19
LSODA,482.3333333333333,3294517.094000396,9618.029527042485,1.909852364732963,-1.7854153075902096e-07,1.0802299022292924e-09,5.3687607188889164e-05,0.00010737521437777833,9.830410757982081,2.449186557186462,1.0022048231746463,1.023605905408497,0.002204711009191101,1.1216545521899879e-07,1.9462333975529764e-19
LSODA,482.5,3295663.0055887727,9618.029410102097,1.9098529494249545,-2.1103799480213426e-07,1.0802300156398512e-09,5.368760912378315e-05,0.0001073752182475663,9.830409892493519,2.449186809507124,1.0022048143952373,1.0236058820204195,0.0022047089110168107,1.0548422053153692e-07,1.830304411018356e-19
LSODA,482.6666666666667,3296808.9175563324,9618.029274391323,1.9098536279696317,-2.410439793723953e-07,1.0802301215414647e-09,5.368761093056712e-05,0.00010737522186113424,9.830409062644337,2.449187051437688,1.0022048042058342,1.0236058548782647,0.0022047064570081946,9.774882604859578e-08,1.696084200287199e-19
LSODA,482.8333333333333,3297954.829957079,9618.029121494626,1.9098543924447904,-2.682633933811031e-07,1.080230218883089e-09,5.36876125913093e-05,0.0001073752251826186,9.830408276883247,2.449187280515049,1.0022047927263424,1.0236058242989254,0.002204703675953874,8.905038856744235e-08,1.5451537702007408e-19
LSODA,483.0,3299100.742840003,9618.028953164165,1.9098552340897166,-2.9243178889122203e-07,1.080230306712553e-09,5.368761408976473e-05,0.00010737522817952946,9.830407543126622,2.4491874944312944,1.0022047800881264,1.023605790632833,0.0022047005998450417,7.948828137068278e-08,1.3792373887742982e-19
LSODA,483.1666666666667,3300246.656248607,9618.028771299774,1.909856143405264,-3.133218675229851e-07,1.0802303841857925e-09,5.368761541153293e-05,0.00010737523082306586,9.83040686863753,2.4491876910689707,1.00220476643371,1.0236057542599548,0.0022046972635088044,6.917020112153643e-08,1.2002037480167294e-19
LSODA,483.3333333333333,3301392.5702204993,9618.028577927711,1.909857110260233,-3.3074271359030753e-07,1.0802304505748655e-09,5.368761654419449e-05,0.00010737523308838898,9.830406259994525,2.449187868510186,1.0022047519154846,1.0236057155855423,0.002204693704217456,5.821126718152936e-08,1.0100503358187613e-19
LSODA,483.5,3302538.484787065,9618.028375179972,1.9098581239947234,-3.4453835479070176e-07,1.0802305052740691e-09,5.3687617477415576e-05,0.00010737523495483115,9.830405723075337,2.449188025041364,1.002204736693301,1.0236056750359945,0.0022046899613070237,4.673199387791177e-08,8.108682518230767e-20
LSODA,483.6666666666667,3303684.3999731606,9618.028165268903,1.9098591735470039,-3.5459377167794306e-07,1.080230547806034e-09,5.368761820305184e-05,0.00010737523640610369,9.830405262931645,2.449188159189751,1.0022047209329907,1.0236056330537806,0.0022046860757080084,3.4857282725161975e-08,6.048247209342683e-20
LSODA,483.8333333333333,3304830.315798596,9618.027950797752,1.9098602459008476,-3.6083059053903917e-07,1.0802305777935391e-09,5.3687618714667535e-05,0.00010737523742933507,9.830404884231784,2.44918826959435,1.002204704830545,1.0236055901595504,0.002204682095719728,2.2734825184337476e-08,3.944824079270317e-20
LSODA,484.0,3305976.2322728597,9618.027734015956,1.9098613298090956,-3.632248288501451e-07,1.0802305950605064e-09,5.36876190092586e-05,0.0001073752380185172,9.830404590008676,2.449188355370952,1.002204688554451,1.023605546803191,0.002204678063188062,1.0491263044507676e-08,1.8203873601599336e-20
LSODA,484.1666666666667,3307122.1493975925,9618.027517038428,1.9098624146971612,-3.6179590428543797e-07,1.080230599583901e-09,5.3687619086432065e-05,0.00010737523817286413,9.830404382156827,2.449188415967234,1.0022046722635318,1.0236055034076856,0.0022046740175620527,-1.754030226619463e-09,-3.0434986915972407e-21
LSODA,484.3333333333333,3308268.0671691094,9618.027302077548,1.909863489503161,-3.5659733039654176e-07,1.080230591445231e-09,5.368761894757853e-05,0.00010737523789515706,9.830404261919414,2.44918845102076,1.0022046561242801,1.0236054604155096,0.0022046700001868967,-1.3875906783398367e-08,-2.4076725866278505e-20
LSODA,484.5,3309413.985577689,9618.027091343623,1.9098645431755015,-3.477166593956351e-07,1.080230570844759e-09,5.368761859611466e-05,0.00010737523719222933,9.830404229753132,2.449188460398388,1.0022046403027314,1.0236054182687249,0.0022046660524572014,-2.5749725825977704e-08,-4.4679537476415737e-20
LSODA,484.6666666666667,3310559.9046073,9618.02688699623,1.9098655649162664,-3.3527976477260116e-07,1.0802305381059157e-09,5.368761803755849e-05,0.00010737523607511698,9.830404285208267,2.4491884442312233,1.0022046249606802,1.023605377399246,0.0022046622149120283,-3.725423183787921e-08,-6.464153703552969e-20
LSODA,484.8333333333333,3311705.82423566,9618.02669111385,1.9098665443330087,-3.1944529572000664e-07,1.0802304936739182e-09,5.368761727950583e-05,0.00010737523455901167,9.830404426979715,2.4491884028997513,1.002204610253796,1.0236053382227701,0.0022046585266675273,-4.82728714917835e-08,-8.376048706303104e-20
LSODA,485.0,3312851.7444344535,9618.026505670226,1.9098674715569537,-3.0040941200457007e-07,1.080230438112074e-09,5.368761633156726e-05,0.00010737523266313452,9.830404652826708,2.4491883370572394,1.0022045963305006,1.0236053011340454,0.002204655024972689,-5.8694472059115516e-08,-1.0184348624538737e-19
LSODA,485.1666666666667,3313997.6651696623,9618.026332513748,1.9098683373460925,-2.783954480136682e-07,1.080230372094691e-09,5.368761520524708e-05,0.00010737523041049416,9.83040495971537,2.4491882475881757,1.002204583330205,1.0236052665027495,0.002204651744819582,-6.841461468089921e-08,-1.1870935228049796e-19
LSODA,485.3333333333333,3315143.586401956,9618.026173349044,1.909869133177156,-2.5366164278228626e-07,1.0802302963992613e-09,5.368761391381003e-05,0.00010737522782762006,9.830405343712423,2.4491881356392566,1.0022045713794185,1.023605234669809,0.0022046487185940888,-7.73391755481273e-08,-1.3419476635937248e-19
LSODA,485.5,3316289.5080871475,9618.026029720291,1.909869851329253,-2.2648498948372643e-07,1.0802302118978654e-09,5.368761247213463e-05,0.00010737522494426926,9.830405800216957,2.449188002551818,1.002204560595994,1.0236052059440583,0.0022046459757578568,-8.53797639138211e-08,-1.4814635746213643e-19
LSODA,485.6666666666667,3317435.430176692,9618.025902996365,1.9098704849578316,-1.971755658372728e-07,1.0802301195478393e-09,5.368761089655394e-05,0.00010737522179310788,9.830406323769202,2.449187849917585,1.0022045510821127,1.0236051805992732,0.0022046435425645545,-9.246045184997317e-08,-1.6043237947851e-19
LSODA,485.8333333333333,3318581.3526182338,9618.025794357929,1.909871028159563,-1.6605047036892622e-07,1.080230020380265e-09,5.3687609204659195e-05,0.00010737521840931839,9.83040690843243,2.449187679467334,1.0022045429254176,1.023605158871586,0.0022046414418102137,-9.851639260621825e-08,-1.709403138601005e-19
LSODA,486.0,3319727.275356182,9618.025704786847,1.9098714760249114,-1.3345923025031215e-07,1.080229915488122e-09,5.368760741509765e-05,0.0001073752148301953,9.830407547457384,2.4491874931687225,1.0022045362000316,1.0236051409573694,0.0022046396926269684,-1.0349259538678518e-07,-1.7957474368037206e-19
LSODA,486.1666666666667,3320873.198332318,9618.025635057575,1.9098718246816435,-9.974256237224188e-08,1.0802298060149061e-09,5.3687605547378445e-05,0.00010737521109475689,9.830408233880569,2.449187293051864,1.0022045309653864,1.023605127011515,0.0022046383103140007,-1.0734492758091366e-07,-1.862590926429878e-19
LSODA,486.3333333333333,3322019.121501716,9618.025585590625,1.909872072027027,-6.517615326305185e-08,1.0802296928425646e-09,5.368760361654844e-05,0.00010737520723309687,9.830408961974522,2.449187080786525,1.002204527251425,1.023605117118125,0.0022046373033718088,-1.1005194674963345e-07,-1.9095615526895783e-19
LSODA,486.5,3323165.0447961655,9618.025556873812,1.909872215621656,-3.018416272324245e-08,1.080229577309514e-09,5.368760164544231e-05,0.00010737520329088462,9.830409722816587,2.449186858973983,1.0022045250952083,1.0236051113747624,0.0022046366818949696,-1.1158668667115429e-07,-1.9361914162245004e-19
LSODA,486.6666666666667,3324310.9681450403,9618.025549179814,1.9098722541024173,4.845353532091491e-09,1.08022946080052e-09,5.368759965768548e-05,0.00010737519931537096,9.830410507655184,2.449186630165639,1.002204524516799,1.0236051098359629,0.0022046364519978236,-1.1193519884556899e-07,-1.9422384947502319e-19
LSODA,486.8333333333333,3325456.8914840757,9618.02556243787,1.9098721878227414,3.9517488086680355e-08,1.0802293445743256e-09,5.368759767475335e-05,0.0001073751953495067,9.830411307627386,2.4491863969453567,1.0022045255129022,1.023605112487574,0.0022046366132924453,-1.1110039026740112e-07,-1.927753233728674e-19
LSODA,487.0,3326602.8147515124,9618.025596321017,1.9098720184174063,7.34778360758915e-08,1.0802292298393642e-09,5.368759571726298e-05,0.00010737519143452595,9.830412114312566,2.449186161768047,1.0022045280565044,1.0236051192642033,0.002204637160572718,-1.0910406832240899e-07,-1.8931140280754057e-19
LSODA,487.1666666666667,3327748.7378868693,9618.025650287296,1.9098717485960686,1.0637865907163198e-07,1.0802291177781818e-09,5.368759380538974e-05,0.00010737518761077949,9.830412919236386,2.449185927104281,1.0022045321081776,1.0236051300574593,0.0022046380846013937,-1.0597642377888072e-07,-1.8388447365929626e-19
LSODA,487.3333333333333,3328894.6608312395,9618.02572359492,1.9098713820675988,1.3788504732590774e-07,1.0802290095413532e-09,5.36875919587636e-05,0.0001073751839175272,9.83041371398796,2.449185695406128,1.0022045376121596,1.023605144718984,0.0022046393723884746,-1.0176022892296327e-07,-1.7656875255092467e-19
LSODA,487.5,3330040.583528011,9618.025815309433,1.9098709235041442,1.6767745986672966e-07,1.0802289062337923e-09,5.368759019623546e-05,0.00010737518039247092,9.83041449029803,2.4491854690843673,1.0022045444985173,1.0236051630618865,0.002204641007314892,-9.650879763400955e-08,-1.6745674726149737e-19
LSODA,487.6666666666667,3331186.50592358,9618.02592431225,1.9098703784985456,1.9545684982714131e-07,1.080228808901111e-09,5.3687588535644525e-05,0.00010737517707128905,9.830415240154615,2.44918525047477,1.0022045526823615,1.02360518486245,0.0022046429692816135,-9.028692008654707e-08,-1.5666087855056475e-19
LSODA,487.8333333333333,3332332.427967949,9618.026049312486,1.909869753505163,2.209477510668157e-07,1.0802287185173753e-09,5.3687586993609314e-05,0.00010737517398721863,9.830415955889723,2.4491850418128207,1.0022045620670026,1.0236052098624973,0.002204645234921366,-8.31679187749193e-08,-1.4430837191779225e-19
LSODA,488.0,3333478.34961524,9618.026188861633,1.9098690557664568,2.439012742235802e-07,1.080228635974882e-09,5.368758558535332e-05,0.00010737517117070664,9.830416630262457,2.4491848452094898,1.0022045725444308,1.0236052377723268,0.002204647777864898,-7.523343404855498e-08,-1.3054088546285553e-19
LSODA,488.1666666666667,3334624.2708241427,9618.026341370152,1.9098682932300386,2.640972665127257e-07,1.0802285620760487e-09,5.368758432456659e-05,0.00010737516864913319,9.830417256526793,2.449184662631475,1.0022045839949931,1.0236052682740304,0.0022046505690446125,-6.657405148685624e-08,-1.1551559846208748e-19
LSODA,488.3333333333333,3335770.1915583056,9618.026505125461,1.9098674744587796,2.813464014925995e-07,1.080228497525765e-09,5.368758322327527e-05,0.00010737516644655053,9.830417828498588,2.449184495881663,1.0022045962898278,1.0236053010250923,0.0022046535770246737,-5.728719684218453e-08,-9.940155878433701e-20
LSODA,488.5,3336916.1117866742,9618.026678311018,1.9098666085353182,2.9549195357616806e-07,1.080228442924601e-09,5.368758229172567e-05,0.00010737516458345134,9.83041834061703,2.4491843465812186,1.002204609292387,1.0236053356622037,0.0022046567683518987,-4.7475964815718585e-08,-8.23776506464241e-20
LSODA,488.6666666666667,3338062.0314837764,9618.026859026324,1.9098657049621324,3.064111271711942e-07,1.0802283987635383e-09,5.3687581538294444e-05,0.00010737516307658889,9.830418787996868,2.4491842161543578,1.0022046228606567,1.023605371805265,0.0022046601079252536,-3.7247268551594825e-08,-6.462938372107613e-20
LSODA,488.8333333333333,3339207.9506299384,9618.027045307628,1.909864773557938,3.140161974028431e-07,1.0802283654192875e-09,5.3687580969408686e-05,0.00010737516193881737,9.830419166477107,2.4491841058141492,1.0022046368463835,1.0236054090615256,0.0022046635593786982,-2.671299519736367e-08,-4.635089820753808e-20
LSODA,489.0,3340353.8692102577,9618.027234851595,1.9098638258394027,3.182521139540988e-07,1.0802283431737772e-09,5.3687580589878355e-05,0.00010737516117975671,9.830419472261713,2.4491840166672634,1.002204651077457,1.023605446970319,0.0022046670799390905,-1.6002482158827824e-08,-2.776661294251192e-20
LSODA,489.1666666666667,3341499.7872185824,9618.02742567792,1.9098628717080388,3.1911086223212774e-07,1.0802283321390896e-09,5.3687580401615714e-05,0.00010737516080323143,9.830419702975282,2.4491839494062098,1.002204665404723,1.023605485135584,0.002204670632735416,-5.22801244396548e-09,-9.071354854939592e-21
LSODA,489.3333333333333,3342645.7046555243,9618.02761593338,1.9098619204299674,3.1662217048721417e-07,1.0802283322953661e-09,5.3687580404281944e-05,0.00010737516080856389,9.830419857239548,2.449183904432797,1.0022046796890487,1.0236055231866763,0.0022046741831704174,5.505878276738929e-09,9.55349191805054e-21
LSODA,489.5,3343791.6215264695,9618.027803685589,1.9098609816671637,3.1084502258041027e-07,1.0802283435287843e-09,5.368758059593513e-05,0.00010737516119187026,9.830419934250557,2.4491838819814036,1.002204693785557,1.023605560737118,0.0022046776950998604,1.609045723873978e-08,2.791926070366338e-20
LSODA,489.6666666666667,3344937.5378421005,9618.027987010797,1.9098600650383728,3.0186917236870656e-07,1.0802283656217544e-09,5.368758097286297e-05,0.00010737516194572593,9.830419933912825,2.449183882079864,1.002204707549928,1.0236055974021594,0.0022046811324638953,2.6417464180170797e-08,4.5838104701267337e-20
LSODA,489.8333333333333,3346083.4536185917,9618.028164036845,1.9098591799044415,2.8981622191980434e-07,1.0802283982492909e-09,5.3687581529520884e-05,0.00010737516305904177,9.830419856906595,2.449183904529864,1.0022047208403118,1.023605632807369,0.002204684460085805,3.63802259528527e-08,6.312493097596864e-20
LSODA,490.0,3347229.368877531,9618.028332969681,1.9098583352356833,2.7483798932555987e-07,1.0802284409809694e-09,5.36875822585654e-05,0.0001073751645171308,9.83041970468632,2.449183948907383,1.0022047335235984,1.0236056665939364,0.002204687644168255,4.58794301460598e-08,7.960741851026852e-20
LSODA,490.1666666666667,3348375.283646064,9618.028492123327,1.9098575394620343,2.5711781824972187e-07,1.0802284932777677e-09,5.368758315080025e-05,0.0001073751663016005,9.830419479537031,2.4491840145462547,1.002204745472694,1.0236056984246655,0.0022046906528501793,5.4819843712649446e-08,9.51203245315718e-20
LSODA,490.3333333333333,3349521.197955824,9618.02863992126,1.9098568004661707,2.368639578001711e-07,1.080228554513048e-09,5.3687584195534365e-05,0.00010737516839106873,9.830419184428669,2.449184100580642,1.002204756570023,1.023605727984252,0.0022046934562481475,6.311377480014424e-08,1.0951149127456622e-19
LSODA,490.5,3350667.1118426174,9618.028774909975,1.9098561255156925,2.143068484197525e-07,1.080228623979505e-09,5.3687585380700405e-05,0.00010737517076140081,9.830418822973527,2.44918420595744,1.002204766704596,1.023605754981995,0.0022046960267145446,7.067788136173869e-08,1.226363084506934e-19
LSODA,490.6666666666667,3351813.0253466642,9618.028895786725,1.9098555211244164,1.8970127918087183e-07,1.0802287008834377e-09,5.368758669275703e-05,0.00010737517338551406,9.830418399498965,2.449184329415076,1.0022047757797956,1.0236057791573452,0.0022046983393510288,7.744044458034977e-08,1.3437033367740697e-19
LSODA,490.8333333333333,3352958.938511885,9618.029001407527,1.90985499301234,1.6332137614400889e-07,1.0802287843592479e-09,5.368758811693627e-05,0.00010737517623387254,9.830417918947624,2.449184469512603,1.0022047837098966,1.0236058002815054,0.0022047003721685685,8.333772806090947e-08,1.4460297514778162e-19
LSODA,491.0,3354104.8513733563,9618.029091039665,1.9098545448431006,1.3538324551342966e-07,1.0802288737167366e-09,5.368758964146263e-05,0.00010737517928292526,9.830417385404747,2.449184625059035,1.002204790439762,1.023605818207933,0.0022047021109827584,8.832877920273222e-08,1.5326317415988042e-19
LSODA,491.1666666666667,3355250.763985294,9618.02916369414,1.9098541815618009,1.062186935567171e-07,1.080228967889554e-09,5.368759124814314e-05,0.00010737518249628628,9.830416805295378,2.4491847941812526,1.0022047958944105,1.023605832738828,0.0022047035365479516,9.235786252014683e-08,1.602542214813097e-19
LSODA,491.3333333333333,3356396.6764056417,9618.029218557274,1.9098539072369327,7.618015513670036e-08,1.0802290657392077e-09,5.3687592917553965e-05,0.00010737518583510793,9.830416185695077,2.4491849748164873,1.0022048000132482,1.023605843711455,0.0022047046328367496,9.538041143746304e-08,1.6549878747040996e-19
LSODA,491.5,3357542.588689628,9618.029255182297,1.9098537241024705,4.559977417898667e-08,1.0802291661820967e-09,5.368759463120783e-05,0.00010737518926241566,9.830415533618451,2.449185164919739,1.0022048027633634,1.0236058510364594,0.002204705390709107,9.737265432678555e-08,1.6895562465774602e-19
LSODA,491.6666666666667,3358688.500891978,9618.029273357306,1.909853633218009,1.4800902059879899e-08,1.0802292681450811e-09,5.3687596370795896e-05,0.00010737519274159179,9.830414856163848,2.4491853624215936,1.0022048041278149,1.0236058546714613,0.0022047058054156694,9.832239920501418e-08,1.7060357787703856e-19
LSODA,491.8333333333333,3359834.413067667,9618.029273062011,1.9098536346850792,-1.589494073178733e-08,1.080229370550945e-09,5.368759811793981e-05,0.00010737519623587962,9.830414160605407,2.449185565201388,1.0022048041055496,1.0236058546124023,0.002204705875779617,9.82297699565586e-08,1.704428617307702e-19
LSODA,492.0,3360980.325271671,9618.029254460582,1.9098537276829648,-4.6166282666188576e-08,1.0802294723235506e-09,5.368759985427961e-05,0.00010737519970855921,9.83041345439751,2.4491857710859075,1.002204802709253,1.0236058508921164,0.0022047056040671214,9.710518581850652e-08,1.6849155471995375e-19
LSODA,492.1666666666667,3362126.2375583593,9618.029217902922,1.9098539104622358,-7.569730600519592e-08,1.0802295723992577e-09,5.368760156166856e-05,0.00010737520312333711,9.830412745067994,2.4491859778805236,1.0022047999643129,1.0236058435805844,0.0022047049960195607,9.496829332612464e-08,1.6478374603126315e-19
LSODA,492.3333333333333,3363272.1499808445,9618.029163923338,1.9098541803514435,-1.0418464429332474e-07,1.0802296697399076e-09,5.3687603222394666e-05,0.00010737520644478933,9.830412040087992,2.4491861834071376,1.0022047959117704,1.0236058327846678,0.0022047040608383353,9.185093202777189e-08,1.5937468149885617e-19
LSODA,492.5,3364418.0625903835,9618.029093235005,1.9098545337847832,-1.3133859695201072e-07,1.0802297633443765e-09,5.3687604819377804e-05,0.00010737520963875561,9.830411346819428,2.4491863855194858,1.0022047906045861,1.0236058186470012,0.0022047028110900456,8.779349606980943e-08,1.523344504438072e-19
LSODA,492.6666666666667,3365563.9754358353,9618.029006721194,1.9098549663460342,-1.56883718709051e-07,1.0802298522594286e-09,5.368760633635485e-05,0.0001073752126727097,9.83041067246995,2.449186582116283,1.0022047841089938,1.0236058013442388,0.002204701262550956,8.284644287303092e-08,1.4375060346153153e-19
LSODA,492.8333333333333,3366709.8885631636,9618.028905424393,1.9098554728228017,-1.805637323674289e-07,1.0802299355892468e-09,5.3687607758042314e-05,0.00010737521551608463,9.83041002398854,2.4491867711716506,1.0022047765035025,1.0236057810848787,0.002204699434011019,7.706949146230047e-08,1.3372676142171631e-19
LSODA,493.0,3367855.802014979,9618.028790533906,1.9098560472686241,-2.021461954926162e-07,1.0802300125041222e-09,5.3687609070284573e-05,0.00010737521814056915,9.830409407965327,2.449186950764327,1.0022047678782497,1.0236057581067814,0.002204697347048859,7.053120088798201e-08,1.2238188398036614e-19
LSODA,493.1666666666667,3369001.7158301226,9618.028663372068,1.9098566830719121,-2.214225845347095e-07,1.0802300822486434e-09,5.368761026019359e-05,0.00010737522052038718,9.83040883059544,2.4491871190882075,1.0022047583307474,1.0236057326744137,0.0022046950257805656,6.330496683717296e-08,1.0984332312753313e-19
LSODA,493.3333333333333,3370147.6300432878,9618.028525379224,1.9098573730309965,-2.3820837827427187e-07,1.0802301441490092e-09,5.368761131627369e-05,0.00010737522263254737,9.830408297643933,2.449187274462569,1.0022047479698475,1.023605705075845,0.002204692496584971,5.5473262516089056e-08,9.625418174048269e-20
LSODA,493.5,3371293.5446847086,9618.028378098787,1.9098581094288656,-2.5234714504006135e-07,1.0802301976199788e-09,5.36876122285401e-05,0.0001073752244570802,9.830407814355647,2.4491874153583484,1.0022047369119587,1.0236056756197573,0.0022046897878297716,4.712412888857251e-08,8.176722364098601e-20
LSODA,493.6666666666667,3372439.4597798507,9618.028223158677,1.909858884125929,-2.6371338024004644e-07,1.0802302421699377e-09,5.368761298860542e-05,0.00010737522597721084,9.830407385383849,2.449187540418948,1.0022047252796757,1.0236056446317354,0.002204686929529088,3.835014665770978e-08,6.654308983371496e-20
LSODA,493.8333333333333,3373585.3753491514,9618.028062251284,1.909859688660305,-2.7221119815681664e-07,1.0802302774054276e-09,5.3687613589756894e-05,0.00010737522717951379,9.830407014776872,2.4491876484641275,1.0022047131982206,1.0236056124502568,0.002204683952972768,2.924524780808721e-08,5.074476606423469e-20
LSODA,494.0,3374731.2914079125,9618.027897118538,1.909860514322329,-2.7777462347033947e-07,1.0802303030339086e-09,5.3687614027003514e-05,0.00010737522805400703,9.830406705951967,2.4491877384976317,1.0022047008000476,1.0236055794237076,0.0022046808904499175,1.9909597725673023e-08,3.454605400192061e-20
LSODA,494.1666666666667,3375877.2079661707,9618.027729532512,1.909861352251658,-2.803699615139879e-07,1.0802303188664473e-09,5.36876142971219e-05,0.0001073752285942438,9.830406461635876,2.4491878097245148,1.00220468821815,1.0236055459065025,0.0022046777748889355,1.044326096173026e-08,1.8120580409266217e-20
LSODA,494.3333333333333,3377023.125028588,9618.027561537203,1.9098621922283219,-2.799987898150804e-07,1.0802303248208412e-09,5.36876143987096e-05,0.0001073752287974192,9.83040628405563,2.4491878614955134,1.0022046756047926,1.0236055123074406,0.0022046746443715338,9.60421115900334e-10,1.6664707015525692e-21
LSODA,494.5,3378169.0425933762,9618.027394861776,1.909863025606468,-2.766959481051168e-07,1.0802303209393817e-09,5.368761433248816e-05,0.00010737522866497633,9.830406174336217,2.4491878934826508,1.002204663090379,1.0236054789723552,0.0022046715311967594,-8.440817837220005e-09,-1.4646050165870296e-20
LSODA,494.6666666666667,3379314.9606533214,9618.027231097494,1.9098638444297642,-2.7052632911637126e-07,1.0802303073703803e-09,5.3687614100987905e-05,0.00010737522820197581,9.830406132769626,2.4491879056008004,1.0022046507955882,1.023605446219499,0.002204668465168781,-1.7669580599892487e-08,-3.065930003006015e-20
LSODA,494.8333333333333,3380460.8791967668,9618.027071883438,1.9098646405027866,-2.6158156862174925e-07,1.080230284349342e-09,5.368761370822678e-05,0.00010737522741645356,9.830406159095,2.449187897926011,1.002204638841493,1.0236054143766877,0.0022046654770486616,-2.6635555749714157e-08,-4.621657513119673e-20
LSODA,495.0,3381606.7982074786,9618.026918828798,1.9098654057795255,-2.49979670997019e-07,1.0802302522009415e-09,5.368761315974403e-05,0.00010737522631948806,9.830406252421351,2.449187870718038,1.0022046273506313,1.0236053837657597,0.0022046625971058006,-3.524647448427745e-08,-6.1157775379054e-20
LSODA,495.1666666666667,3382752.7176646306,9618.0267734752,1.9098661325518325,-2.3586464440708658e-07,1.0802302113396083e-09,5.3687612462610226e-05,0.00010737522492522045,9.8304064111936,2.4491878244302434,1.0022046164377225,1.0236053546950399,0.0022046598544152446,-4.3416692727116235e-08,-7.533429557139208e-20
LSODA,495.3333333333333,3383898.637542967,9618.026637274108,1.9098668135623342,-2.1940545794132893e-07,1.0802301622667602e-09,5.368761162538003e-05,0.00010737522325076006,9.830406633191895,2.4491877597097957,1.002204606211384,1.0236053274548216,0.00220465727643406,-5.106504998540762e-08,-8.860531021135642e-20
LSODA,495.5,3385044.55781307,9618.026511570157,1.9098674420877808,-2.007938205823792e-07,1.0802301055644257e-09,5.368761065798339e-05,0.00010737522131596678,9.83040691556259,2.449187677388638,1.0022045967732052,1.0236053023140315,0.002204654888685433,-5.811548026320168e-08,-1.0083883354099754e-19
LSODA,495.6666666666667,3386190.4784416864,9618.026397587393,1.9098680120078855,-1.802422602016993e-07,1.0802300418890163e-09,5.3687609571619306e-05,0.00010737521914323861,9.830407254847586,2.449187578474933,1.0022045882154667,1.0236052795174788,0.0022046527144974097,-6.449903075782942e-08,-1.1191522228191282e-19
LSODA,495.8333333333333,3387336.3993921014,9618.02629641724,1.9098685178654644,-1.5798173489011117e-07,1.0802299719643974e-09,5.368760837863762e-05,0.00010737521675727524,9.830407647023774,2.449187464141564,1.0022045806199131,1.023605259283448,0.0022046507747731058,-7.0154859973387e-08,-1.2172890751309433e-19
LSODA,496.0,3388482.320624552,9618.02620900809,1.9098689549184649,-1.3425934241753767e-07,1.0802298965740086e-09,5.368760709240455e-05,0.0001073752141848091,9.830408087545154,2.449187335713858,1.002204574056822,1.0236052418016182,0.0022046490877908275,-7.503096887675684e-08,-1.3018966333588972e-19
LSODA,496.1666666666667,3389628.2420966653,9618.02613615659,1.909869319183608,-1.0933506423737643e-07,1.0802298165512685e-09,5.368760572713901e-05,0.00010737521145427802,9.8304085714046,2.449187194651574,1.0022045685877266,1.023605227231318,0.0022046476690340392,-7.908130748726996e-08,-1.3721758638543734e-19
LSODA,496.3333333333333,3390774.16377523,9618.026078340376,1.9098696082726256,-8.341069910557797e-08,1.080229732548492e-09,5.368760429397012e-05,0.00010737520858794024,9.830409094561368,2.4491870421327375,1.0022045642468773,1.0236052156680753,0.0022046465278991374,-8.228102182103805e-08,-1.4276955148306476e-19
LSODA,496.5,3391920.085609392,9618.026036168016,1.9098698191425314,-5.67938271867093e-08,1.0802296455647754e-09,5.3687602809943424e-05,0.00010737520561988685,9.830409650725032,2.4491868799912355,1.002204561080657,1.0236052072336033,0.002204645676482695,-8.459582577545824e-08,-1.467860674213498e-19
LSODA,496.6666666666667,3393066.007545826,9618.026010089674,1.9098699495425144,-2.980349998669104e-08,1.0802295566468685e-09,5.368760129291747e-05,0.00010737520258583494,9.830410233163233,2.4491867101897937,1.0022045591226967,1.023605202017935,0.002204645123960654,-8.600126397313723e-08,-1.492247007842017e-19
LSODA,496.8333333333333,3394211.929535088,9618.026000267908,1.9098699986596253,-2.7321532421457846e-09,1.0802294667638192e-09,5.368759975942517e-05,0.00010737519951885034,9.83041083543121,2.4491865346072923,1.0022045583846806,1.0236052000535816,0.0022046448740843934,-8.648940380507827e-08,-1.500716875980166e-19
LSODA,497.0,3395357.8515289193,9618.026006658603,1.9098699667143708,2.413703213638944e-08,1.0802293768606718e-09,5.36875982255899e-05,0.0001073751964511798,9.83041145107014,2.449186355126709,1.002204558865063,1.0236052013317207,0.002204644926730892,-8.606166790325886e-08,-1.4932949661967263e-19
LSODA,497.1666666666667,3396503.7734794193,9618.026029046867,1.9098698547811193,5.05257012542443e-08,1.080229287875098e-09,5.3687596707409235e-05,0.00010737519341481847,9.830412073537769,2.4491861736553435,1.002204560546264,1.0236052058093734,0.002204645278584732,-8.47323207869323e-08,-1.4702287916329032e-19
LSODA,497.3333333333333,3397649.695339318,9618.026067057663,1.9098696647349918,7.616174442174689e-08,1.0802292007315238e-09,5.3687595220654804e-05,0.00010737519044130961,9.830412696254102,2.449185992111499,1.0022045633995338,1.0236052134115325,0.002204645923332325,-8.252379853730327e-08,-1.4319076539393534e-19
LSODA,497.5,3398795.617062549,9618.026120158982,1.9098693992359217,1.0078208182166022e-07,1.0802291163300109e-09,5.368759378068253e-05,0.00010737518756136506,9.830413312672377,2.4491858124037886,1.0022045673862459,1.0236052240317965,0.0022046468517128094,-7.94654669501911e-08,-1.3788410952974993e-19
LSODA,497.6666666666667,3399941.538604819,9618.026187666064,1.9098690617076541,1.2413618082792945e-07,1.0802290355356324e-09,5.368759240225143e-05,0.00010737518480450286,9.83041391636004,2.4491856364075257,1.002204572454931,1.023605237533213,0.0022046480515888773,-7.559665776875335e-08,-1.3117115813397669e-19
LSODA,497.8333333333333,3401087.4599241028,9618.026268748556,1.9098686563018838,1.4598901576179928e-07,1.0802289591679246e-09,5.36875910993436e-05,0.0001073751821986872,9.830414501074697,2.4491854659425893,1.002204578542755,1.0236052537497111,0.002204649508072644,-7.096531773461909e-08,-1.2313510601066072e-19
LSODA,498.0,3402233.380981075,9618.02636244013,1.9098681878501733,1.6612334713189243e-07,1.0802288879929214e-09,5.368758988502833e-05,0.00010737517977005666,9.830415060826223,2.4491853027553065,1.0022045855769397,1.0236052724880262,0.002204651203699269,-6.562675956963901e-08,-1.1387192896674902e-19
LSODA,498.1666666666667,3403379.301739507,9618.026467649817,1.909867661807314,1.843418078100745e-07,1.0802288227157074e-09,5.368758877133508e-05,0.00010737517754267016,9.8304155899366,2.4491851485010185,1.0022045934764938,1.0236052935299635,0.002204653118632693,-5.964213887175995e-08,-1.0348774099771831e-19
LSODA,498.3333333333333,3404525.2221666123,9618.026583174582,1.9098670841884207,2.0046882348279826e-07,1.0802287639734658e-09,5.3687587769134826e-05,0.00010737517553826965,9.830416083097319,2.4491850047273376,1.002204602149683,1.0236053166349164,0.002204655230895436,-5.308121233662741e-08,-9.21035801950454e-20
LSODA,498.5,3405671.1422333643,9618.02670771296,1.9098664615007863,2.143522680853812e-07,1.0802287123293771e-09,5.3687586888035995e-05,0.00010737517377607199,9.83041653542199,2.449184872858814,1.0022046115001628,1.0236053415425919,0.0022046575166183888,-4.601645556571651e-08,-7.98452022881608e-20
LSODA,498.6666666666667,3406817.0619147704,9618.026839879576,1.9098658006712232,2.2586491116187807e-07,1.0802286682671654e-09,5.3687586136291395e-05,0.00010737517227258279,9.830416942495207,2.4491847541826908,1.0022046214229259,1.0236053679759154,0.0022046599503077794,-3.852738190068469e-08,-6.685057444546397e-20
LSODA,498.8333333333333,3407962.9811901003,9618.026978220465,1.9098651089695498,2.349056107143224e-07,1.0802286321864677e-09,5.368758552071925e-05,0.0001073751710414385,9.83041730041648,2.4491846498360923,1.0022046318101134,1.0236053956440931,0.002204662505127485,-3.0695014051774355e-08,-5.3260282751245845e-20
LSODA,499.0,3409108.9000412994,9618.027121002593,1.9098643950608976,2.413928123851002e-07,1.0802286044334038e-09,5.3687585047224706e-05,0.00010737517009444941,9.83041760542036,2.4491845609167764,1.0022046425298592,1.0236054242005186,0.00220466514899418,-2.2619134989066564e-08,-3.9247464998263924e-20
LSODA,499.1666666666667,3410254.818457948,9618.027266713405,1.9098636665080178,2.4528670090414323e-07,1.0802285852057119e-09,5.368758471918139e-05,0.00010737516943836278,9.830417854930074,2.4491844881759595,1.0022046534697049,1.023605453342681,0.002204667853828932,-1.4384124045075525e-08,-2.495853139100114e-20
LSODA,499.3333333333333,3411400.7364351754,9618.027413915828,1.9098629304963053,2.4657890722405523e-07,1.0802285745928661e-09,5.36875845381158e-05,0.0001073751690762316,9.830418047165008,2.4491844321327485,1.0022046645214673,1.0236054827831658,0.002204670592881105,-6.0714138239506554e-09,-1.053477909674569e-20
LSODA,499.5,3412546.65397154,9618.027561095329,1.909862194598401,2.452824318488483e-07,1.080228572616404e-09,5.3687584504395415e-05,0.00010737516900879083,9.83041818074271,2.449184393190175,1.0022046755716225,1.0236055122190657,0.002204673337904239,2.2337182771850483e-09,3.8758234745566946e-21
LSODA,499.6666666666667,3413692.5710696834,9618.027706726187,1.9098614664429405,2.414342889232207e-07,1.080228579218016e-09,5.3687584617025406e-05,0.00010737516923405081,9.830418254812818,2.4491843715961474,1.0022046865055751,1.0236055413452374,0.0022046760603840476,1.0445191100938445e-08,1.8123913292914214e-20
LSODA,499.8333333333333,3414838.4877366056,9618.027849304019,1.9098607535518313,2.3509688090171278e-07,1.0802285942540816e-09,5.368758487355547e-05,0.00010737516974711093,9.830418269122848,2.449184367424273,1.0022046972099876,1.0236055698608038,0.0022046787321411045,1.847784651155815e-08,3.206172891418294e-20
LSODA,500.0,3415984.403981945,9618.027987578897,1.9098600621747674,2.2634436637618246e-07,1.0802286175304975e-09,5.3687585270673996e-05,0.00010737517054134799,9.83041822396927,2.449184380588121,1.0022047075922873,1.0236055975157794,0.0022046813297069787,2.626258032399631e-08,4.5569364813681995e-20
