stage_index,smooth_width_m,run,step_index,z_W0_m,eigenvalue_index,real_s_inv,imag_s_inv
1,300.0,downward,0,9000.0,0,-16.165562534317356,0.0
1,300.0,downward,0,9000.0,1,-18.37513791846285,0.0
1,300.0,downward,0,9000.0,2,6.18855144668863e-05,0.0001517343967783387
1,300.0,downward,0,9000.0,3,6.18855144668863e-05,-0.0001517343967783387
1,300.0,downward,1,8790.465815159925,0,-16.996989411556974,0.0
1,300.0,downward,1,8790.465815159925,1,-19.346026440228023,0.0
1,300.0,downward,1,8790.465815159925,2,3.029780367374465e-05,0.000169416390628851
1,300.0,downward,1,8790.465815159925,3,3.029780367374465e-05,-0.000169416390628851
1,300.0,downward,2,8593.171177604812,0,-16.6813456609038,0.0
1,300.0,downward,2,8593.171177604812,1,-19.043409706264583,0.0
1,300.0,downward,2,8593.171177604812,2,1.3056788176788245e-05,0.00017125204150740374
1,300.0,downward,2,8593.171177604812,3,1.3056788176788245e-05,-0.00017125204150740374
1,300.0,downward,3,8373.922315433294,0,-16.50543821605568,0.0
1,300.0,downward,3,8373.922315433294,1,-18.87483792352882,0.0
1,300.0,downward,3,8373.922315433294,2,2.8407281258367394e-06,0.00017152419178043874
1,300.0,downward,3,8373.922315433294,3,2.8407281258367394e-06,-0.00017152419178043874
1,300.0,downward,4,8154.098975589798,0,-16.420593212711253,0.0
1,300.0,downward,4,8154.098975589798,1,-18.793550442410833,0.0
1,300.0,downward,4,8154.098975589798,2,-2.2510302597704386e-06,0.00017143494808170026
1,300.0,downward,4,8154.098975589798,3,-2.2510302597704386e-06,-0.00017143494808170026
1,300.0,downward,5,7934.140069033754,0,-16.37980229618113,0.0
1,300.0,downward,5,7934.140069033754,1,-18.754474344778437,0.0
1,300.0,downward,5,7934.140069033754,2,-4.7381701437806675e-06,0.00017133691415410594
1,300.0,downward,5,7934.140069033754,3,-4.7381701437806675e-06,-0.00017133691415410594
1,300.0,downward,6,7714.149584755576,0,-16.360206003971225,0.0
1,300.0,downward,6,7714.149584755576,1,-18.735702896403808,0.0
1,300.0,downward,6,7714.149584755576,2,-5.942187287011473e-06,0.00017127659592401065
1,300.0,downward,6,7714.149584755576,3,-5.942187287011473e-06,-0.00017127659592401065
1,300.0,downward,7,7494.151783831698,0,-16.350793382130465,0.0
1,300.0,downward,7,7494.151783831698,1,-18.726686706964855,0.0
1,300.0,downward,7,7494.151783831698,2,-6.5226402450445686e-06,0.0001712445153567722
1,300.0,downward,7,7494.151783831698,3,-6.5226402450445686e-06,-0.0001712445153567722
1,300.0,downward,8,7274.15229156671,0,-16.346272414642662,0.0
1,300.0,downward,8,7274.15229156671,1,-18.72235620425428,0.0
1,300.0,downward,8,7274.15229156671,2,-6.801930389526889e-06,0.00017122838332944031
1,300.0,downward,8,7274.15229156671,3,-6.801930389526889e-06,-0.00017122838332944031
1,300.0,downward,9,7054.152408744285,0,-16.34410096865494,0.0
1,300.0,downward,9,7054.152408744285,1,-18.72027625247004,0.0
1,300.0,downward,9,7054.152408744285,2,-6.936188997595536e-06,0.0001712204674969553
1,300.0,downward,9,7054.152408744285,3,-6.936188997595536e-06,-0.0001712204674969553
1,300.0,downward,10,7001.0830455672185,0,-16.343775586386034,0.0
1,300.0,downward,10,7001.0830455672185,1,-18.719964580789767,0.0
1,300.0,downward,10,7001.0830455672185,2,-6.956313478683479e-06,0.00017121927186449168
1,300.0,downward,10,7001.0830455672185,3,-6.956313478683479e-06,-0.00017121927186449168
1,300.0,downward,11,6998.583046079695,0,-16.343761632224247,0.0
1,300.0,downward,11,6998.583046079695,1,-18.719951214376508,0.0
1,300.0,downward,11,6998.583046079695,2,-6.95717656070783e-06,0.0001712192206434446
1,300.0,downward,11,6998.583046079695,3,-6.95717656070783e-06,-0.0001712192206434446
1,300.0,upward,0,9000.0,0,-16.165562534317356,0.0
1,300.0,upward,0,9000.0,1,-18.37513791846285,0.0
1,300.0,upward,0,9000.0,2,6.18855144668863e-05,0.0001517343967783387
1,300.0,upward,0,9000.0,3,6.18855144668863e-05,-0.0001517343967783387
1,300.0,upward,1,9088.877814863878,0,-18.113256718995878,0.0
1,300.0,upward,1,9088.877814863878,1,-20.417624129009603,0.0
1,300.0,upward,1,9088.877814863878,2,8.157576970700277e-05,0.00015289656967759985
1,300.0,upward,1,9088.877814863878,3,8.157576970700277e-05,-0.00015289656967759985
1,300.0,upward,2,9249.54557187316,0,-19.368312175494843,0.0
1,300.0,upward,2,9249.54557187316,1,-21.625024970822754,0.0
1,300.0,upward,2,9249.54557187316,2,0.00012498959757705345,0.00012180558002773707
1,300.0,upward,2,9249.54557187316,3,0.00012498959757705345,-0.00012180558002773707
1,300.0,upward,3,9395.60671751308,0,-21.266640050496623,0.0
1,300.0,upward,3,9395.60671751308,1,-23.456197033909085,0.0
1,300.0,upward,3,9395.60671751308,2,0.0001706384014060509,4.381161986026485e-05
1,300.0,upward,3,9395.60671751308,3,0.0001706384014060509,-4.381161986026485e-05
1,300.0,upward,4,9514.59452464735,0,-23.663619106749266,0.0
1,300.0,upward,4,9514.59452464735,1,-25.7761275564589,0.0
1,300.0,upward,4,9514.59452464735,2,0.00030948183449327164,0.0
1,300.0,upward,4,9514.59452464735,3,0.00010231444542521133,0.0
1,300.0,upward,5,9614.44112137766,0,-26.55402784017162,0.0
1,300.0,upward,5,9614.44112137766,1,-28.583671429376064,0.0
1,300.0,upward,5,9614.44112137766,2,0.000369999352356737,0.0
1,300.0,upward,5,9614.44112137766,3,8.728925664582748e-05,0.0
1,300.0,upward,6,9701.050750130982,0,-29.97079808521906,0.0
1,300.0,upward,6,9701.050750130982,1,-31.914383103660928,0.0
1,300.0,upward,6,9701.050750130982,2,0.00039704273060546665,0.0
1,300.0,upward,6,9701.050750130982,3,8.288314481040497e-05,0.0
1,300.0,upward,7,9778.293968269,0,-33.97248439063004,0.0
1,300.0,upward,7,9778.293968269,1,-35.82861116749092,0.0
1,300.0,upward,7,9778.293968269,2,0.000400323011647498,0.0
1,300.0,upward,7,9778.293968269,3,8.363920860872122e-05,0.0
1,300.0,upward,8,9848.699414345245,0,-38.63682432393024,0.0
1,300.0,upward,8,9848.699414345245,1,-40.4054043937056,0.0
1,300.0,upward,8,9848.699414345245,2,0.00038571387440702046,0.0
1,300.0,upward,8,9848.699414345245,3,8.817888793716907e-05,0.0
1,300.0,upward,9,9913.965484432814,0,-44.058715197943116,0.0
1,300.0,upward,9,9913.965484432814,1,-45.74065187585516,0.0
1,300.0,upward,9,9913.965484432814,2,0.00035720729175756777,0.0
1,300.0,upward,9,9913.965484432814,3,9.655674160098643e-05,0.0
1,300.0,upward,10,9975.2718455043,0,-50.35045849947366,0.0
1,300.0,upward,10,9975.2718455043,1,-51.947410302364524,0.0
1,300.0,upward,10,9975.2718455043,2,0.0003167044356798597,0.0
1,300.0,upward,10,9975.2718455043,3,0.00011025242696013649,0.0
1,300.0,upward,11,9999.257776823508,0,-53.18542174151768,0.0
1,300.0,upward,11,9999.257776823508,1,-54.7484449975161,0.0
1,300.0,upward,11,9999.257776823508,2,0.0002964903209775328,0.0
1,300.0,upward,11,9999.257776823508,3,0.00011830317697780049,0.0
1,300.0,upward,12,9999.984937160441,0,-53.2749718192631,0.0
1,300.0,upward,12,9999.984937160441,1,-54.83696193710626,0.0
1,300.0,upward,12,9999.984937160441,2,0.00029582851374354764,0.0
1,300.0,upward,12,9999.984937160441,3,0.00011858376535850459,0.0
1,300.0,upward,13,10000.64829212132,0,-53.356854576124235,0.0
1,300.0,upward,13,10000.64829212132,1,-54.917901996682474,0.0
1,300.0,upward,13,10000.64829212132,2,0.0002952219540722292,0.0
1,300.0,upward,13,10000.64829212132,3,0.0001188419512444211,0.0
1,300.0,anchor,7000,7000.0,0,-16.343769526888078,0.0
1,300.0,anchor,7000,7000.0,1,-18.719958776771232,0.0
1,300.0,anchor,7000,7000.0,2,-6.956688263928585e-06,0.00017121924990172246
1,300.0,anchor,7000,7000.0,3,-6.956688263928585e-06,-0.00017121924990172246
1,300.0,anchor,7500,7500.0,0,-16.35096463055679,0.0
1,300.0,anchor,7500,7500.0,1,-18.72685074153539,0.0
1,300.0,anchor,7500,7500.0,2,-6.512067393442602e-06,0.00017124511717621734
1,300.0,anchor,7500,7500.0,3,-6.512067393442602e-06,-0.00017124511717621734
1,300.0,anchor,8000,8000.0,0,-16.38905961707733,0.0
1,300.0,anchor,8000,8000.0,1,-18.763342240340357,0.0
1,300.0,anchor,8000,8000.0,2,-4.171467702397526e-06,0.00017136239930201565
1,300.0,anchor,8000,8000.0,3,-4.171467702397526e-06,-0.00017136239930201565
1,300.0,anchor,8500,8500.0,0,-16.590768512739928,0.0
1,300.0,anchor,8500,8500.0,1,-18.956603031113954,0.0
1,300.0,anchor,8500,8500.0,2,7.852849567096643e-06,0.00017146596172003018
1,300.0,anchor,8500,8500.0,3,7.852849567096643e-06,-0.00017146596172003018
1,300.0,anchor,9000,9000.0,0,-17.659028161494668,0.0
1,300.0,anchor,9000,9000.0,1,-19.98130965752926,0.0
1,300.0,anchor,9000,9000.0,2,6.237411003617269e-05,0.0001611752926543066
1,300.0,anchor,9000,9000.0,3,6.237411003617269e-05,-0.0001611752926543066
1,300.0,anchor,9500,9500.0,0,-23.31602589517625,0.0
1,300.0,anchor,9500,9500.0,1,-25.43920906381081,0.0
1,300.0,anchor,9500,9500.0,2,0.0002977993792763904,0.0
1,300.0,anchor,9500,9500.0,3,0.00010604386153005838,0.0
1,300.0,anchor,9600,9600.0,0,-26.074232568250796,0.0
1,300.0,anchor,9600,9600.0,1,-28.11694183516981,0.0
1,300.0,anchor,9600,9600.0,2,0.0003631848035887987,0.0
1,300.0,anchor,9600,9600.0,3,8.866045790922868e-05,0.0
1,300.0,anchor,9700,9700.0,0,-29.92315761849319,0.0
1,300.0,anchor,9700,9700.0,1,-31.867864665105902,0.0
1,300.0,anchor,9700,9700.0,2,0.00039686026536482687,0.0
1,300.0,anchor,9700,9700.0,3,8.29019158837608e-05,0.0
1,300.0,anchor,9800,9800.0,0,-35.29545865015954,0.0
1,300.0,anchor,9800,9800.0,1,-37.12533383322044,0.0
1,300.0,anchor,9800,9800.0,2,0.0003976104429328072,0.0
1,300.0,anchor,9800,9800.0,3,8.462090613084207e-05,0.0
1,300.0,anchor,9900,9900.0,0,-42.797080113182766,0.0
1,300.0,anchor,9900,9900.0,1,-44.49793452308118,0.0
1,300.0,anchor,9900,9900.0,2,0.00036452382194392797,0.0
1,300.0,anchor,9900,9900.0,3,9.434220116542855e-05,0.0
1,300.0,anchor,10000,10000.0,0,-53.27682911865088,0.0
1,300.0,anchor,10000,10000.0,1,-54.83879783282657,0.0
1,300.0,anchor,10000,10000.0,2,0.0002958147709881135,0.0
1,300.0,anchor,10000,10000.0,3,0.00011858960396976995,0.0
2,150.0,downward,0,9000.0,0,-16.325557529605593,0.0
2,150.0,downward,0,9000.0,1,-18.686218023612106,0.0
2,150.0,downward,0,9000.0,2,6.79458509543209e-06,0.00017047469586318247
2,150.0,downward,0,9000.0,3,6.79458509543209e-06,-0.00017047469586318247
2,150.0,downward,1,8839.00868774814,0,-16.381312575704204,0.0
2,150.0,downward,1,8839.00868774814,1,-18.75592585196598,0.0
2,150.0,downward,1,8839.00868774814,2,-2.2603258198179077e-06,0.0001713713512289876
2,150.0,downward,1,8839.00868774814,3,-2.2603258198179077e-06,-0.0001713713512289876
2,150.0,downward,2,8639.018190048086,0,-16.35243515195609,0.0
2,150.0,downward,2,8639.018190048086,1,-18.72826058260949,0.0
2,150.0,downward,2,8639.018190048086,2,-5.78951814930238e-06,0.00017126803189236576
2,150.0,downward,2,8639.018190048086,3,-5.78951814930238e-06,-0.00017126803189236576
2,150.0,downward,3,8419.018529863803,0,-16.344479879647857,0.0
2,150.0,downward,3,8419.018529863803,1,-18.72063948918921,0.0
2,150.0,downward,3,8419.018529863803,2,-6.766818309813745e-06,0.00017122658935894502
2,150.0,downward,3,8419.018529863803,3,-6.766818309813745e-06,-0.00017122658935894502
2,150.0,downward,4,8199.01854785853,0,-16.34264449566527,0.0
2,150.0,downward,4,8199.01854785853,1,-18.718881219725244,0.0
2,150.0,downward,4,8199.01854785853,2,-6.992605968247512e-06,0.0001712162225561151
2,150.0,downward,4,8199.01854785853,3,-6.992605968247512e-06,-0.0001712162225561151
2,150.0,downward,5,7979.018548815137,0,-16.342221076958307,0.0
2,150.0,downward,5,7979.018548815137,1,-18.71847559198935,0.0
2,150.0,downward,5,7979.018548815137,2,-7.0447112630145965e-06,0.00017121378752002099
2,150.0,downward,5,7979.018548815137,3,-7.0447112630145965e-06,-0.00017121378752002099
2,150.0,downward,6,7759.018548866032,0,-16.34212339704429,0.0
2,150.0,downward,6,7759.018548866032,1,-18.718382016469278,0.0
2,150.0,downward,6,7759.018548866032,2,-7.056732536762025e-06,0.0001712132241877122
2,150.0,downward,6,7759.018548866032,3,-7.056732536762025e-06,-0.0001712132241877122
2,150.0,downward,7,7539.01854886874,0,-16.34210086254826,0.0
2,150.0,downward,7,7539.01854886874,1,-18.71836042898652,0.0
2,150.0,downward,7,7539.01854886874,2,-7.059505812846196e-06,0.0001712130932910719
2,150.0,downward,7,7539.01854886874,3,-7.059505812846196e-06,-0.0001712130932910719
2,150.0,downward,8,7319.018548868885,0,-16.3420956640471,0.0
2,150.0,downward,8,7319.018548868885,1,-18.71835544875637,0.0
2,150.0,downward,8,7319.018548868885,2,-7.060145590810939e-06,0.0001712130631022458
2,150.0,downward,8,7319.018548868885,3,-7.060145590810939e-06,-0.0001712130631022458
2,150.0,downward,9,7099.018548868892,0,-16.34209446479118,0.0
2,150.0,downward,9,7099.018548868892,1,-18.718354299868864,0.0
2,150.0,downward,9,7099.018548868892,2,-7.06029318355049e-06,0.00017121305661212235
2,150.0,downward,9,7099.018548868892,3,-7.06029318355049e-06,-0.00017121305661212235
2,150.0,downward,10,7001.980370977376,0,-16.342094293486937,0.0
2,150.0,downward,10,7001.980370977376,1,-18.71835413560252,0.0
2,150.0,downward,10,7001.980370977376,2,-7.060314266540249e-06,0.00017121305560520542
2,150.0,downward,10,7001.980370977376,3,-7.060314266540249e-06,-0.00017121305560520542
2,150.0,downward,11,6999.480370977376,0,-16.342094290344797,0.0
2,150.0,downward,11,6999.480370977376,1,-18.718354132848383,0.0
2,150.0,downward,11,6999.480370977376,2,-7.060314649052195e-06,0.00017121305559165923
2,150.0,downward,11,6999.480370977376,3,-7.060314649052195e-06,-0.00017121305559165923
2,150.0,upward,0,9000.0,0,-16.325557529605593,0.0
2,150.0,upward,0,9000.0,1,-18.686218023612106,0.0
2,150.0,upward,0,9000.0,2,6.79458509543209e-06,0.00017047469586318247
2,150.0,upward,0,9000.0,3,6.79458509543209e-06,-0.00017047469586318247
2,150.0,upward,1,9157.388939364226,0,-16.66887436784616,0.0
2,150.0,upward,1,9157.388939364226,1,-19.031494744686825,0.0
2,150.0,upward,1,9157.388939364226,2,3.136688044780322e-05,0.00016870101569375312
2,150.0,upward,1,9157.388939364226,3,3.136688044780322e-05,-0.00016870101569375312
2,150.0,upward,2,9342.415047933646,0,-17.456959704078102,0.0
2,150.0,upward,2,9342.415047933646,1,-19.787441842580105,0.0
2,150.0,upward,2,9342.415047933646,2,0.00011098569252873158,0.00013163076313096167
2,150.0,upward,2,9342.415047933646,3,0.00011098569252873158,-0.00013163076313096167
2,150.0,upward,3,9485.954483614663,0,-19.2082348963096,0.0
2,150.0,upward,3,9485.954483614663,1,-21.471114302114024,0.0
2,150.0,upward,3,9485.954483614663,2,0.0004020920561735296,0.0
2,150.0,upward,3,9485.954483614663,3,7.48604518446181e-05,0.0
2,150.0,upward,4,9576.760739893873,0,-21.51852597846827,0.0
2,150.0,upward,4,9576.760739893873,1,-23.69992523664444,0.0
2,150.0,upward,4,9576.760739893873,2,0.0006321134136065192,0.0
2,150.0,upward,4,9576.760739893873,3,4.85312708435969e-05,0.0
2,150.0,upward,5,9643.215184671526,0,-24.29238506298763,0.0
2,150.0,upward,5,9643.215184671526,1,-26.386377777461362,0.0
2,150.0,upward,5,9643.215184671526,2,0.000773360667476796,0.0
2,150.0,upward,5,9643.215184671526,3,4.0468052341309604e-05,0.0
2,150.0,upward,6,9696.73661453925,0,-27.55441266853422,0.0
2,150.0,upward,6,9696.73661453925,1,-29.558050548268938,0.0
2,150.0,upward,6,9696.73661453925,2,0.0008504758600433332,0.0
2,150.0,upward,6,9696.73661453925,3,3.752981123294198e-05,0.0
2,150.0,upward,7,9742.386036290649,0,-31.364625354902305,0.0
2,150.0,upward,7,9742.386036290649,1,-33.276701410305215,0.0
2,150.0,upward,7,9742.386036290649,2,0.0008800893532545056,0.0
2,150.0,upward,7,9742.386036290649,3,3.694983899210375e-05,0.0
2,150.0,upward,8,9782.778264714749,0,-35.8021762417959,0.0
2,150.0,upward,8,9782.778264714749,1,-37.62274154742021,0.0
2,150.0,upward,8,9782.778264714749,2,0.0008750412572094291,0.0
2,150.0,upward,8,9782.778264714749,3,3.780975470850936e-05,0.0
2,150.0,upward,9,9819.428200410368,0,-40.96223937809998,0.0
2,150.0,upward,9,9819.428200410368,1,-42.69231941377875,0.0
2,150.0,upward,9,9819.428200410368,2,0.0008452764663708325,0.0
2,150.0,upward,9,9819.428200410368,3,3.975933366047929e-05,0.0
2,150.0,upward,10,9853.291274234516,0,-46.956421932792736,0.0
2,150.0,upward,10,9853.291274234516,1,-48.59780316625194,0.0
2,150.0,upward,10,9853.291274234516,2,0.0007984642190971776,0.0
2,150.0,upward,10,9853.291274234516,3,4.268462249075784e-05,0.0
2,150.0,upward,11,9885.010165089327,0,-53.914511238303,0.0
2,150.0,upward,11,9885.010165089327,1,-55.46956374509979,0.0
2,150.0,upward,11,9885.010165089327,2,0.0007404571492051514,0.0
2,150.0,upward,11,9885.010165089327,3,4.6601577696167274e-05,0.0
2,150.0,upward,12,9915.039259302326,0,-61.98696938869079,0.0
2,150.0,upward,12,9915.039259302326,1,-63.458495944093045,0.0
2,150.0,upward,12,9915.039259302326,2,0.0006756299250095827,0.0
2,150.0,upward,12,9915.039259302326,3,5.162593250898298e-05,0.0
2,150.0,upward,13,9943.712591417996,0,-71.34801858890815,0.0
2,150.0,upward,13,9943.712591417996,1,-72.73912713545015,0.0
2,150.0,upward,13,9943.712591417996,2,0.0006071260865213453,0.0
2,150.0,upward,13,9943.712591417996,3,5.798336690190751e-05,0.0
2,150.0,upward,14,9971.283395697355,0,-82.19930193694853,0.0
2,150.0,upward,14,9971.283395697355,1,-83.51329963530222,0.0
2,150.0,upward,14,9971.283395697355,2,0.0005370198381768045,0.0
2,150.0,upward,14,9971.283395697355,3,6.606283836775856e-05,0.0
2,150.0,upward,15,9997.948408891772,0,-94.77416271996053,0.0
2,150.0,upward,15,9997.948408891772,1,-96.01446970410241,0.0
2,150.0,upward,15,9997.948408891772,2,0.0004663575784656025,0.0
2,150.0,upward,15,9997.948408891772,3,7.655692795054101e-05,0.0
2,150.0,upward,16,9999.956789035508,0,-95.81513646334517,0.0
2,150.0,upward,16,9999.956789035508,1,-97.04994546792808,0.0
2,150.0,upward,16,9999.956789035508,2,0.0004609305057530163,0.0
2,150.0,upward,16,9999.956789035508,3,7.749163054979874e-05,0.0
2,150.0,upward,17,10000.254582116631,0,-95.97068060010177,0.0
2,150.0,upward,17,10000.254582116631,1,-97.20467511147324,0.0
2,150.0,upward,17,10000.254582116631,2,0.0004601244763153693,0.0
2,150.0,upward,17,10000.254582116631,3,7.763228120286083e-05,0.0
2,150.0,anchor,7000,7000.0,0,-16.34209429099852,0.0
2,150.0,anchor,7000,7000.0,1,-18.718354133381457,0.0
2,150.0,anchor,7000,7000.0,2,-7.060314570469596e-06,0.00017121305559988107
2,150.0,anchor,7000,7000.0,3,-7.060314570469596e-06,-0.00017121305559988107
2,150.0,anchor,7500,7500.0,0,-16.342099314799402,0.0
2,150.0,anchor,7500,7500.0,1,-18.718358946146967,0.0
2,150.0,anchor,7500,7500.0,2,-7.059696292156684e-06,0.00017121308428788248
2,150.0,anchor,7500,7500.0,3,-7.059696292156684e-06,-0.00017121308428788248
2,150.0,anchor,8000,8000.0,0,-16.3422401394085,0.0
2,150.0,anchor,8000,8000.0,1,-18.71849385372153,0.0
2,150.0,anchor,8000,8000.0,2,-7.042365331717232e-06,0.00017121389799677877
2,150.0,anchor,8000,8000.0,3,-7.042365331717232e-06,-0.00017121389799677877
2,150.0,anchor,8500,8500.0,0,-16.34618754585893,0.0
2,150.0,anchor,8500,8500.0,1,-18.722275412061542,0.0
2,150.0,anchor,8500,8500.0,2,-6.5568474923740645e-06,0.00017123596279741433
2,150.0,anchor,8500,8500.0,3,-6.5568474923740645e-06,-0.00017123596279741433
2,150.0,anchor,9000,9000.0,0,-16.45673335910199,0.0
2,150.0,anchor,9000,9000.0,1,-18.828187492159014,0.0
2,150.0,anchor,9000,9000.0,2,6.822836321279516e-06,0.0001713039843842385
2,150.0,anchor,9000,9000.0,3,6.822836321279516e-06,-0.0001713039843842385
2,150.0,anchor,9500,9500.0,0,-19.483791081060453,0.0
2,150.0,anchor,9500,9500.0,1,-21.736503475625234,0.0
2,150.0,anchor,9500,9500.0,2,0.00043898704039392237,0.0
2,150.0,anchor,9500,9500.0,3,6.873058637904337e-05,0.0
2,150.0,anchor,9600,9600.0,0,-22.35853583241208,0.0
2,150.0,anchor,9600,9600.0,1,-24.512332080508102,0.0
2,150.0,anchor,9600,9600.0,2,0.000685671164378626,0.0
2,150.0,anchor,9600,9600.0,3,4.5027100822810476e-05,0.0
2,150.0,anchor,9700,9700.0,0,-27.791523873734615,0.0
2,150.0,anchor,9700,9700.0,1,-29.789055329026993,0.0
2,150.0,anchor,9700,9700.0,2,0.0008537806705783482,0.0
2,150.0,anchor,9700,9700.0,3,3.743264538519783e-05,0.0
2,150.0,anchor,9800,9800.0,0,-38.074850624392816,0.0
2,150.0,anchor,9800,9800.0,1,-39.85370096106391,0.0
2,150.0,anchor,9800,9800.0,2,0.000863936483180055,0.0
2,150.0,anchor,9800,9800.0,3,3.8580037074436376e-05,0.0
2,150.0,anchor,9900,9900.0,0,-57.74401263436008,0.0
2,150.0,anchor,9900,9900.0,1,-59.25752224915039,0.0
2,150.0,anchor,9900,9900.0,2,0.0007091333844722741,0.0
2,150.0,anchor,9900,9900.0,3,4.892864853584995e-05,0.0
2,150.0,anchor,10000,10000.0,0,-95.83768733068779,0.0
2,150.0,anchor,10000,10000.0,1,-97.0723781373891,0.0
2,150.0,anchor,10000,10000.0,2,0.0004608135692763842,0.0
2,150.0,anchor,10000,10000.0,3,7.751200597141616e-05,0.0
3,100.0,downward,0,9000.0,0,-16.340537878454498,0.0
3,100.0,downward,0,9000.0,1,-18.71533103194511,0.0
3,100.0,downward,0,9000.0,2,-5.091531407373549e-06,0.0001712075226779097
3,100.0,downward,0,9000.0,3,-5.091531407373549e-06,-0.0001712075226779097
3,100.0,downward,1,8839.984902708466,0,-16.344256763028373,0.0
3,100.0,downward,1,8839.984902708466,1,-18.72042601122759,0.0
3,100.0,downward,1,8839.984902708466,2,-6.661976600473511e-06,0.00017122954815314772
3,100.0,downward,1,8839.984902708466,3,-6.661976600473511e-06,-0.00017122954815314772
3,100.0,downward,2,8639.984819491663,0,-16.342386802049266,0.0
3,100.0,downward,2,8639.984819491663,1,-18.718634389546352,0.0
3,100.0,downward,2,8639.984819491663,2,-7.006406409475349e-06,0.00017121534188871507
3,100.0,downward,2,8639.984819491663,3,-7.006406409475349e-06,-0.00017121534188871507
3,100.0,downward,3,8419.984817114768,0,-16.34212653711051,0.0
3,100.0,downward,3,8419.984817114768,1,-18.718385028494797,0.0
3,100.0,downward,3,8419.984817114768,2,-7.0543614240446145e-06,0.0001712133087552993
3,100.0,downward,3,8419.984817114768,3,-7.0543614240446145e-06,-0.0001712133087552993
3,100.0,downward,4,8199.984817085582,0,-16.342097698807756,0.0
3,100.0,downward,4,8199.984817085582,1,-18.718357398626917,0.0
3,100.0,downward,4,8199.984817085582,2,-7.059675276936642e-06,0.00017121308232887782
3,100.0,downward,4,8199.984817085582,3,-7.059675276936642e-06,-0.00017121308232887782
3,100.0,downward,5,7979.984817085224,0,-16.34209450334788,0.0
3,100.0,downward,5,7979.984817085224,1,-18.718354336875297,0.0
3,100.0,downward,5,7979.984817085224,2,-7.060264072311325e-06,0.0001712130576650186
3,100.0,downward,5,7979.984817085224,3,-7.060264072311325e-06,-0.0001712130576650186
3,100.0,downward,6,7759.98481708522,0,-16.342094149288105,0.0
3,100.0,downward,6,7759.98481708522,1,-18.718353997638292,0.0
3,100.0,downward,6,7759.98481708522,2,-7.060329312835292e-06,0.00017121305488854768
3,100.0,downward,6,7759.98481708522,3,-7.060329312835292e-06,-0.00017121305488854768
3,100.0,downward,7,7539.984817085219,0,-16.342094110057253,0.0
3,100.0,downward,7,7539.984817085219,1,-18.718353960053893,0.0
3,100.0,downward,7,7539.984817085219,2,-7.06033654145292e-06,0.0001712130550714282
3,100.0,downward,7,7539.984817085219,3,-7.06033654145292e-06,-0.0001712130550714282
3,100.0,downward,8,7319.984817085219,0,-16.34209410571037,0.0
3,100.0,downward,8,7319.984817085219,1,-18.718353955789055,0.0
3,100.0,downward,8,7319.984817085219,2,-7.060337342873742e-06,0.00017121305455477105
3,100.0,downward,8,7319.984817085219,3,-7.060337342873742e-06,-0.00017121305455477105
3,100.0,downward,9,7099.984817085219,0,-16.342094104462266,0.0
3,100.0,downward,9,7099.984817085219,1,-18.718353954634235,0.0
3,100.0,downward,9,7099.984817085219,2,-7.060337431591322e-06,0.00017121305501488355
3,100.0,downward,9,7099.984817085219,3,-7.060337431591322e-06,-0.00017121305501488355
3,100.0,downward,10,7001.999696341705,0,-16.34209410446772,0.0
3,100.0,downward,10,7001.999696341705,1,-18.718353954811867,0.0
3,100.0,downward,10,7001.999696341705,2,-7.060337438920812e-06,0.00017121305500141792
3,100.0,downward,10,7001.999696341705,3,-7.060337438920812e-06,-0.00017121305500141792
3,100.0,downward,11,6999.499696341705,0,-16.3420941044678,0.0
3,100.0,downward,11,6999.499696341705,1,-18.718353954811867,0.0
3,100.0,downward,11,6999.499696341705,2,-7.060337438597756e-06,0.0001712130550199755
3,100.0,downward,11,6999.499696341705,3,-7.060337438597756e-06,-0.0001712130550199755
3,100.0,upward,0,9000.0,0,-16.340537878454498,0.0
3,100.0,upward,0,9000.0,1,-18.71533103194511,0.0
3,100.0,upward,0,9000.0,2,-5.091531407373549e-06,0.0001712075226779097
3,100.0,upward,0,9000.0,3,-5.091531407373549e-06,-0.0001712075226779097
3,100.0,upward,1,9159.937620458719,0,-16.39505962579452,0.0
3,100.0,upward,1,9159.937620458719,1,-18.769102770072458,0.0
3,100.0,upward,1,9159.937620458719,2,2.615990565623856e-06,0.00017135193987363864
3,100.0,upward,1,9159.937620458719,3,2.615990565623856e-06,-0.00017135193987363864
3,100.0,upward,2,9358.065343904895,0,-16.723215807988634,0.0
3,100.0,upward,2,9358.065343904895,1,-19.083628992234196,0.0
3,100.0,upward,2,9358.065343904895,2,5.903332069905477e-05,0.00016098729079037693
3,100.0,upward,2,9358.065343904895,3,5.903332069905477e-05,-0.00016098729079037693
3,100.0,upward,3,9526.206349962848,0,-18.318861644078492,0.0
3,100.0,upward,3,9526.206349962848,1,-20.615588966681557,0.0
3,100.0,upward,3,9526.206349962848,2,0.0004666637007907364,0.0
3,100.0,upward,3,9526.206349962848,3,6.354058751532367e-05,0.0
3,100.0,upward,4,9606.174683699095,0,-20.556503450277646,0.0
3,100.0,upward,4,9606.174683699095,1,-22.77106896772153,0.0
3,100.0,upward,4,9606.174683699095,2,0.0008317068748232506,0.0
3,100.0,upward,4,9606.174683699095,3,3.619940904856805e-05,0.0
3,100.0,upward,5,9659.503161168317,0,-23.230560144349006,0.0
3,100.0,upward,5,9659.503161168317,1,-25.357072559462168,0.0
3,100.0,upward,5,9659.503161168317,2,0.001052291301980509,0.0
3,100.0,upward,5,9659.503161168317,3,2.913941041141958e-05,0.0
3,100.0,upward,6,9700.953445521758,0,-26.366272238900407,0.0
3,100.0,upward,6,9700.953445521758,1,-28.401744489812263,0.0
3,100.0,upward,6,9700.953445521758,2,0.0011753093325214004,0.0
3,100.0,upward,6,9700.953445521758,3,2.6593378379919906e-05,0.0
3,100.0,upward,7,9735.655438025167,0,-30.024302101739092,0.0
3,100.0,upward,7,9735.655438025167,1,-31.967405312959276,0.0
3,100.0,upward,7,9735.655438025167,2,0.001230088788834555,0.0
3,100.0,upward,7,9735.655438025167,3,2.588938580363529e-05,0.0
3,100.0,upward,8,9765.96770148117,0,-34.28271634978669,0.0
3,100.0,upward,8,9765.96770148117,1,-36.1333572071198,0.0
3,100.0,upward,8,9765.96770148117,2,0.0012366090954846328,0.0
3,100.0,upward,8,9765.96770148117,3,2.6211667349037607e-05,0.0
3,100.0,upward,9,9793.173913048626,0,-39.234358210991445,0.0
3,100.0,upward,9,9793.173913048626,1,-40.99342881607339,0.0
3,100.0,upward,9,9793.173913048626,2,0.0012089158616235885,0.0
3,100.0,upward,9,9793.173913048626,3,2.7251766033611124e-05,0.0
3,100.0,upward,10,9818.058484837871,0,-44.9875703108759,0.0
3,100.0,upward,10,9818.058484837871,1,-46.65674952571671,0.0
3,100.0,upward,10,9818.058484837871,2,0.001157241942172376,0.0
3,100.0,upward,10,9818.058484837871,3,2.8891193905056123e-05,0.0
3,100.0,upward,11,9841.142821900656,0,-51.6680623640829,0.0
3,100.0,upward,11,9841.142821900656,1,-53.24964310752011,0.0
3,100.0,upward,11,9841.142821900656,2,0.0010892692656945002,0.0
3,100.0,upward,11,9841.142821900656,3,3.1100995180572414e-05,0.0
3,100.0,upward,12,9862.795794217418,0,-59.42142340233057,0.0
3,100.0,upward,12,9862.795794217418,1,-60.91816116075707,0.0
3,100.0,upward,12,9862.795794217418,2,0.0010108657001782035,0.0
3,100.0,upward,12,9862.795794217418,3,3.3905208184746956e-05,0.0
3,100.0,upward,13,9883.290707726135,0,-68.41616793673806,0.0
3,100.0,upward,13,9883.290707726135,1,-69.83115005373784,0.0
3,100.0,upward,13,9883.290707726135,2,0.0009265217365010273,0.0
3,100.0,upward,13,9883.290707726135,3,3.7368546890021196e-05,0.0
3,100.0,upward,14,9902.837113158688,0,-78.84732153246108,0.0
3,100.0,upward,14,9902.837113158688,1,-80.18385700526565,0.0
3,100.0,upward,14,9902.837113158688,2,0.0008396230766341142,0.0
3,100.0,upward,14,9902.837113158688,3,4.1596520412941256e-05,0.0
3,100.0,upward,15,9921.599814679832,0,-90.94059774535584,0.0
3,100.0,upward,15,9921.599814679832,1,-92.20212651978744,0.0
3,100.0,upward,15,9921.599814679832,2,0.0007526341030242075,0.0
3,100.0,upward,15,9921.599814679832,3,4.67457167871783e-05,0.0
3,100.0,upward,17,9930.729573675182,0,-97.69061568794486,0.0
3,100.0,upward,17,9930.729573675182,1,-98.9159517351615,0.0
3,100.0,upward,17,9930.729573675182,2,0.000709656770584581,0.0
3,100.0,upward,17,9930.729573675182,3,4.973415026532344e-05,0.0
3,100.0,upward,18,9941.93453382059,0,-106.85909070804954,0.0
3,100.0,upward,18,9941.93453382059,1,-108.0404188744778,0.0
3,100.0,upward,18,9941.93453382059,2,0.0006567177978992723,0.0
3,100.0,upward,18,9941.93453382059,3,5.393255135791258e-05,0.0
3,100.0,upward,19,9952.932011621368,0,-116.9120629218749,0.0
3,100.0,upward,19,9952.932011621368,1,-118.05074945209971,0.0
3,100.0,upward,19,9952.932011621368,2,0.0006048134189052027,0.0
3,100.0,upward,19,9952.932011621368,3,5.873866234045822e-05,0.0
3,100.0,upward,20,9963.7437972262,0,0.000554018762173004,0.0
3,100.0,upward,20,9963.7437972262,1,6.428825115408333e-05,0.0
3,100.0,upward,20,9963.7437972262,2,-127.93407601403712,0.0
3,100.0,upward,20,9963.7437972262,3,-129.03147699877337,0.0
3,100.0,upward,22,9969.086198511328,0,0.0005290291928779525,0.0
3,100.0,upward,22,9969.086198511328,1,6.739949093973787e-05,0.0
3,100.0,upward,22,9969.086198511328,2,-133.837082308353,0.0
3,100.0,upward,22,9969.086198511328,3,-134.91434440111996,0.0
3,100.0,upward,23,9974.389284306824,0,-140.01776347478935,0.0
3,100.0,upward,23,9974.389284306824,1,-141.0752195122265,0.0
3,100.0,upward,23,9974.389284306824,2,0.0005042898734028018,0.0
3,100.0,upward,23,9974.389284306824,3,7.077616327174788e-05,0.0
3,100.0,upward,24,9980.966052154747,0,-148.1539169959117,0.0
3,100.0,upward,24,9980.966052154747,1,-149.1870794958883,0.0
3,100.0,upward,24,9980.966052154747,2,0.0004736714308431057,0.0
3,100.0,upward,24,9980.966052154747,3,7.543288864303636e-05,0.0
3,100.0,upward,25,9989.111115525933,0,-159.00359686218331,0.0
3,100.0,upward,25,9989.111115525933,1,-160.00710939395472,0.0
3,100.0,upward,25,9989.111115525933,2,0.0004357417331248892,0.0
3,100.0,upward,25,9989.111115525933,3,8.20904408241851e-05,0.0
3,100.0,upward,28,9991.134961699016,0,-161.83985705528787,0.0
3,100.0,upward,28,9991.134961699016,1,-162.83608030550243,0.0
3,100.0,upward,28,9991.134961699016,2,0.0004262907601549331,0.0
3,100.0,upward,28,9991.134961699016,3,8.393032376878913e-05,0.0
3,100.0,upward,29,9993.658093483144,0,-165.45747006418276,0.0
3,100.0,upward,29,9993.658093483144,1,-166.44465044637096,0.0
3,100.0,upward,29,9993.658093483144,2,0.000414478210108906,0.0
3,100.0,upward,29,9993.658093483144,3,8.634595817517003e-05,0.0
3,100.0,upward,30,9996.801860840642,0,-170.09502847819437,0.0
3,100.0,upward,30,9996.801860840642,1,-171.07101210836976,0.0
3,100.0,upward,30,9996.801860840642,2,0.00039969368812388254,0.0
3,100.0,upward,30,9996.801860840642,3,8.956732788864042e-05,0.0
3,100.0,upward,31,9999.930651693094,0,-174.85808389778543,0.0
3,100.0,upward,31,9999.930651693094,1,-175.82300302997103,0.0
3,100.0,upward,31,9999.930651693094,2,0.00038487520183368325,0.0
3,100.0,upward,31,9999.930651693094,3,9.304070916388749e-05,0.0
3,100.0,upward,32,10000.116964939049,0,-175.1464603286908,0.0
3,100.0,upward,32,10000.116964939049,1,-176.11072310458135,0.0
3,100.0,upward,32,10000.116964939049,2,0.00038398862744259043,0.0
3,100.0,upward,32,10000.116964939049,3,9.32568987306585e-05,0.0
3,100.0,anchor,7000,7000.0,0,-16.342094105190796,0.0
3,100.0,anchor,7000,7000.0,1,-18.718353955344764,0.0
3,100.0,anchor,7000,7000.0,2,-7.0603374383532945e-06,0.00017121305452483246
3,100.0,anchor,7000,7000.0,3,-7.0603374383532945e-06,-0.00017121305452483246
3,100.0,anchor,7500,7500.0,0,-16.3420941084461,0.0
3,100.0,anchor,7500,7500.0,1,-18.71835395854342,0.0
3,100.0,anchor,7500,7500.0,2,-7.060336838571309e-06,0.00017121305453683656
3,100.0,anchor,7500,7500.0,3,-7.060336838571309e-06,-0.00017121305453683656
3,100.0,anchor,8000,8000.0,0,-16.34209459157858,0.0
3,100.0,anchor,8000,8000.0,1,-18.718354421551233,0.0
3,100.0,anchor,8000,8000.0,2,-7.060247814911057e-06,0.00017121305835315616
3,100.0,anchor,8000,8000.0,3,-7.060247814911057e-06,-0.00017121305835315616
3,100.0,anchor,8500,8500.0,0,-16.342166294672914,0.0
3,100.0,anchor,8500,8500.0,1,-18.71842312042096,0.0
3,100.0,anchor,8500,8500.0,2,-7.047035647720195e-06,0.000171213619890794
3,100.0,anchor,8500,8500.0,3,-7.047035647720195e-06,-0.000171213619890794
3,100.0,anchor,9000,9000.0,0,-16.352805227370855,0.0
3,100.0,anchor,9000,9000.0,1,-18.72861642283702,0.0
3,100.0,anchor,9000,9000.0,2,-5.090086701025933e-06,0.00017128559181649763
3,100.0,anchor,9000,9000.0,3,-5.090086701025933e-06,-0.00017128559181649763
3,100.0,anchor,9500,9500.0,0,-17.877415610621018,0.0
3,100.0,anchor,9500,9500.0,1,-20.19133068033615,0.0
3,100.0,anchor,9500,9500.0,2,0.00035065607690883496,0.0
3,100.0,anchor,9500,9500.0,3,8.433440979595197e-05,0.0
3,100.0,anchor,9600,9600.0,0,-20.320604091287834,0.0
3,100.0,anchor,9600,9600.0,1,-22.54345093633246,0.0
3,100.0,anchor,9600,9600.0,2,0.0008036863190515758,0.0
3,100.0,anchor,9600,9600.0,3,3.739954751093017e-05,0.0
3,100.0,anchor,9700,9700.0,0,-26.28065917899186,0.0
3,100.0,anchor,9700,9700.0,1,-28.318460699566003,0.0
3,100.0,anchor,9700,9700.0,2,0.0011731354508254521,0.0
3,100.0,anchor,9700,9700.0,3,2.6629776944772223e-05,0.0
3,100.0,anchor,9800,9800.0,0,-40.68273810377081,0.0
3,100.0,anchor,9800,9800.0,1,-42.41768715390655,0.0
3,100.0,anchor,9800,9800.0,2,0.001197147470353062,0.0
3,100.0,anchor,9800,9800.0,3,2.76320173775515e-05,0.0
3,100.0,anchor,9900,9900.0,0,-77.2061204674665,0.0
3,100.0,anchor,9900,9900.0,1,-78.55404027030042,0.0
3,100.0,anchor,9900,9900.0,2,0.0008525272626267774,0.0
3,100.0,anchor,9900,9900.0,3,4.0917813265776894e-05,0.0
3,100.0,anchor,10000,10000.0,0,-174.96535850631642,0.0
3,100.0,anchor,10000,10000.0,1,-175.9300333006491,0.0
3,100.0,anchor,10000,10000.0,2,0.00038454526806629315,0.0
3,100.0,anchor,10000,10000.0,3,9.312104803760317e-05,0.0
4,50.0,downward,0,9000.0,0,-16.34209241259571,0.0
4,50.0,downward,0,9000.0,1,-18.71835067178388,0.0
4,50.0,downward,0,9000.0,2,-7.056056700593115e-06,0.0001712131329068062
4,50.0,downward,0,9000.0,3,-7.056056700593115e-06,-0.0001712131329068062
4,50.0,downward,1,8839.999999941474,0,-16.342094579706306,0.0
4,50.0,downward,1,8839.999999941474,1,-18.718354410263554,0.0
4,50.0,downward,1,8839.999999941474,2,-7.060162900392938e-06,0.00017121306120664818
4,50.0,downward,1,8839.999999941474,3,-7.060162900392938e-06,-0.00017121306120664818
4,50.0,downward,2,8639.999999941414,0,-16.34209411385916,0.0
4,50.0,downward,2,8639.999999941414,1,-18.718353963611207,0.0
4,50.0,downward,2,8639.999999941414,2,-7.060334245459288e-06,0.00017121305465791017
4,50.0,downward,2,8639.999999941414,3,-7.060334245459288e-06,-0.00017121305465791017
4,50.0,downward,3,8419.999999941414,0,-16.34209410527543,0.0
4,50.0,downward,3,8419.999999941414,1,-18.718353955344842,0.0
4,50.0,downward,3,8419.999999941414,2,-7.06033740350561e-06,0.00017121305454142406
4,50.0,downward,3,8419.999999941414,3,-7.06033740350561e-06,-0.00017121305454142406
4,50.0,downward,4,8199.999999941414,0,-16.34209410463942,0.0
4,50.0,downward,4,8199.999999941414,1,-18.718353954900675,0.0
4,50.0,downward,4,8199.999999941414,2,-7.060337442231157e-06,0.00017121305452896056
4,50.0,downward,4,8199.999999941414,3,-7.060337442231157e-06,-0.00017121305452896056
4,50.0,downward,5,7979.999999941414,0,-16.342094104639603,0.0
4,50.0,downward,5,7979.999999941414,1,-18.718353954811842,0.0
4,50.0,downward,5,7979.999999941414,2,-7.060337442752809e-06,0.00017121305452961555
4,50.0,downward,5,7979.999999941414,3,-7.060337442752809e-06,-0.00017121305452961555
4,50.0,downward,6,7759.999999941414,0,-16.342094104639603,0.0
4,50.0,downward,6,7759.999999941414,1,-18.718353954723028,0.0
4,50.0,downward,6,7759.999999941414,2,-7.0603374427786436e-06,0.00017121305452394984
4,50.0,downward,6,7759.999999941414,3,-7.0603374427786436e-06,-0.00017121305452394984
4,50.0,downward,7,7539.999999941414,0,-16.342094104639603,0.0
4,50.0,downward,7,7539.999999941414,1,-18.718353954723028,0.0
4,50.0,downward,7,7539.999999941414,2,-7.0603374427786436e-06,0.00017121305452394984
4,50.0,downward,7,7539.999999941414,3,-7.0603374427786436e-06,-0.00017121305452394984
4,50.0,downward,8,7319.999999941414,0,-16.342094104639603,0.0
4,50.0,downward,8,7319.999999941414,1,-18.718353954723028,0.0
4,50.0,downward,8,7319.999999941414,2,-7.0603374427786436e-06,0.00017121305452394984
4,50.0,downward,8,7319.999999941414,3,-7.0603374427786436e-06,-0.00017121305452394984
4,50.0,downward,9,7099.999999941414,0,-16.342094104639603,0.0
4,50.0,downward,9,7099.999999941414,1,-18.718353954723028,0.0
4,50.0,downward,9,7099.999999941414,2,-7.0603374427786436e-06,0.00017121305452394984
4,50.0,downward,9,7099.999999941414,3,-7.0603374427786436e-06,-0.00017121305452394984
4,50.0,downward,10,7001.999999998829,0,-16.342094104639603,0.0
4,50.0,downward,10,7001.999999998829,1,-18.718353954723028,0.0
4,50.0,downward,10,7001.999999998829,2,-7.0603374427786436e-06,0.00017121305452394984
4,50.0,downward,10,7001.999999998829,3,-7.0603374427786436e-06,-0.00017121305452394984
4,50.0,downward,11,6999.499999998829,0,-16.342094104639603,0.0
4,50.0,downward,11,6999.499999998829,1,-18.718353954723028,0.0
4,50.0,downward,11,6999.499999998829,2,-7.0603374427786436e-06,0.00017121305452394984
4,50.0,downward,11,6999.499999998829,3,-7.0603374427786436e-06,-0.00017121305452394984
4,50.0,upward,0,9000.0,0,-16.34209241259571,0.0
4,50.0,upward,0,9000.0,1,-18.71835067178388,0.0
4,50.0,upward,0,9000.0,2,-7.056056700593115e-06,0.0001712131329068062
4,50.0,upward,0,9000.0,3,-7.056056700593115e-06,-0.0001712131329068062
4,50.0,upward,1,9159.999999182037,0,-16.34237966032762,0.0
4,50.0,upward,1,9159.999999182037,1,-18.718627651808138,0.0
4,50.0,upward,1,9159.999999182037,2,-6.955300097001151e-06,0.000171217030001635
4,50.0,upward,1,9159.999999182037,3,-6.955300097001151e-06,-0.000171217030001635
4,50.0,upward,2,9359.99889397186,0,-16.357662846431914,0.0
4,50.0,upward,2,9359.99889397186,1,-1.3550212313337807e-06,0.00017133569017541562
4,50.0,upward,2,9359.99889397186,2,-1.3550212313337807e-06,-0.00017133569017541562
4,50.0,upward,2,9359.99889397186,3,-18.733276321803483,0.0
4,50.0,upward,3,9557.202316516941,0,-17.094325619424396,0.0
4,50.0,upward,3,9557.202316516941,1,-19.43976062470991,0.0
4,50.0,upward,3,9557.202316516941,2,0.0003722396796576406,0.0
4,50.0,upward,3,9557.202316516941,3,7.835847635021013e-05,0.0
4,50.0,upward,4,9633.157611852668,0,-19.215234086626566,0.0
4,50.0,upward,4,9633.157611852668,1,-21.478545144260874,0.0
4,50.0,upward,4,9633.157611852668,2,0.001143669746500895,0.0
4,50.0,upward,4,9633.157611852668,3,2.553981055124857e-05,0.0
4,50.0,upward,5,9673.624586546754,0,-21.711213085016006,0.0
4,50.0,upward,5,9673.624586546754,1,-23.887020305982468,0.0
4,50.0,upward,5,9673.624586546754,2,0.0015043670321533132,0.0
4,50.0,upward,5,9673.624586546754,3,1.970089842095818e-05,0.0
4,50.0,upward,6,9704.30772968425,0,-24.6290379440809,0.0
4,50.0,upward,6,9704.30772968425,1,-26.71399581328292,0.0
4,50.0,upward,6,9704.30772968425,2,0.001680464945023529,0.0
4,50.0,upward,6,9704.30772968425,3,1.7973825176040567e-05,0.0
4,50.0,upward,7,9729.922444316106,0,-28.028736237770165,0.0
4,50.0,upward,7,9729.922444316106,1,-30.02110079618581,0.0
4,50.0,upward,7,9729.922444316106,2,0.001760906026074231,0.0
4,50.0,upward,7,9729.922444316106,3,1.7489345952023876e-05,0.0
4,50.0,upward,8,9752.176776888487,0,-31.985009715654993,0.0
4,50.0,upward,8,9752.176776888487,1,-33.88428311909298,0.0
4,50.0,upward,8,9752.176776888487,2,0.001786668300432516,0.0
4,50.0,upward,8,9752.176776888487,3,1.755577116380846e-05,0.0
4,50.0,upward,9,9771.903397464994,0,-36.58556766286181,0.0
4,50.0,upward,9,9771.903397464994,1,-38.392282005806535,0.0
4,50.0,upward,9,9771.903397464994,2,0.001777157696469546,0.0
4,50.0,upward,9,9771.903397464994,3,1.7945697780135134e-05,0.0
4,50.0,upward,10,9789.605357751661,0,-41.93219668618482,0.0
4,50.0,upward,10,9789.605357751661,1,-43.64773024667314,0.0
4,50.0,upward,10,9789.605357751661,2,0.0017420964550454718,0.0
4,50.0,upward,10,9789.605357751661,3,1.8580504496784207e-05,0.0
4,50.0,upward,11,9805.637360109788,0,-48.14268976837474,0.0
4,50.0,upward,11,9805.637360109788,1,-49.769098305812896,0.0
4,50.0,upward,11,9805.637360109788,2,0.001686987267713824,0.0
4,50.0,upward,11,9805.637360109788,3,1.9440994253325253e-05,0.0
4,50.0,upward,12,9820.274597853235,0,-55.35328945214835,0.0
4,50.0,upward,12,9820.274597853235,1,-56.89315234147059,0.0
4,50.0,upward,12,9820.274597853235,2,0.0016156387929745267,0.0
4,50.0,upward,12,9820.274597853235,3,2.0535713026864466e-05,0.0
4,50.0,upward,13,9833.741525284138,0,-63.72159184875186,0.0
4,50.0,upward,13,9833.741525284138,1,-65.17787548737934,0.0
4,50.0,upward,13,9833.741525284138,2,0.0015312818952247602,0.0
4,50.0,upward,13,9833.741525284138,3,2.1888495364046428e-05,0.0
4,50.0,upward,14,9846.2253370342,0,-73.42993714785197,0.0
4,50.0,upward,14,9846.2253370342,1,-74.80587724677798,0.0
4,50.0,upward,14,9846.2253370342,2,0.0014369870785155474,0.0
4,50.0,upward,14,9846.2253370342,3,2.353373217569708e-05,0.0
4,50.0,upward,15,9857.883422655757,0,-84.68934441974093,0.0
4,50.0,upward,15,9857.883422655757,1,-85.98834737831703,0.0
4,50.0,upward,15,9857.883422655757,2,0.001335741128111061,0.0
4,50.0,upward,15,9857.883422655757,3,2.551527276987591e-05,0.0
4,50.0,upward,16,9868.848362737532,0,-97.74406874964988,0.0
4,50.0,upward,16,9868.848362737532,1,-98.96963112788966,0.0
4,50.0,upward,16,9868.848362737532,2,0.0012303763196272212,0.0
4,50.0,upward,16,9868.848362737532,3,2.7887423659367363e-05,0.0
4,50.0,upward,17,9879.231821808105,0,-112.87687563519346,0.0
4,50.0,upward,17,9879.231821808105,1,-114.03251998234927,0.0
4,50.0,upward,17,9879.231821808105,2,0.0011234582720593895,0.0
4,50.0,upward,17,9879.231821808105,3,3.0717597925296844e-05,0.0
4,50.0,upward,18,9889.127834870378,0,-130.41514482729676,0.0
4,50.0,upward,18,9889.127834870378,1,-131.5043697568491,0.0
4,50.0,upward,18,9889.127834870378,2,0.0010171865427546503,0.0
4,50.0,upward,18,9889.127834870378,3,3.409084513753103e-05,0.0
4,50.0,upward,19,9898.615664634408,0,-150.7379345779998,0.0
4,50.0,upward,19,9898.615664634408,1,-151.76417689880788,0.0
4,50.0,upward,19,9898.615664634408,2,0.0009133295569152788,0.0
4,50.0,upward,19,9898.615664634408,3,3.811715373461826e-05,0.0
4,50.0,upward,20,9907.762296980083,0,-174.28415814543033,0.0
4,50.0,upward,20,9907.762296980083,1,-175.2507649508152,0.0
4,50.0,upward,20,9907.762296980083,2,0.0008131954821593195,0.0
4,50.0,upward,20,9907.762296980083,3,4.2943446790676314e-05,0.0
4,50.0,upward,21,9916.624599022962,0,-201.56204778413013,0.0
4,50.0,upward,21,9916.624599022962,1,-202.4722566196952,0.0
4,50.0,upward,21,9916.624599022962,2,0.0007176286884177819,0.0
4,50.0,upward,21,9916.624599022962,3,4.877418409778235e-05,0.0
4,50.0,upward,23,9920.964577869856,0,-216.78078910148153,0.0
4,50.0,upward,23,9920.964577869856,1,-217.66397501781626,0.0
4,50.0,upward,23,9920.964577869856,2,0.0006716961519093318,0.0
4,50.0,upward,23,9920.964577869856,3,5.215451454754753e-05,0.0
4,50.0,upward,24,9926.314989988918,0,-237.44642246174786,0.0
4,50.0,upward,24,9926.314989988918,1,-238.29690009026064,0.0
4,50.0,upward,24,9926.314989988918,2,0.0006160345869315471,0.0
4,50.0,upward,24,9926.314989988918,3,5.6913408428723685e-05,0.0
4,50.0,upward,27,9927.971413485373,0,-244.3034496441708,0.0
4,50.0,upward,27,9927.971413485373,1,-245.14394514900698,0.0
4,50.0,upward,27,9927.971413485373,2,0.0005990325397786154,0.0
4,50.0,upward,27,9927.971413485373,3,5.854018866292787e-05,0.0
4,50.0,upward,29,9928.797008678428,0,-247.8064615017795,0.0
4,50.0,upward,29,9928.797008678428,1,-248.64200807195914,0.0
4,50.0,upward,29,9928.797008678428,2,0.0005905997627996351,0.0
4,50.0,upward,29,9928.797008678428,3,5.9381198111080275e-05,0.0
4,50.0,upward,31,9929.31214062305,0,-250.02150371381177,0.0
4,50.0,upward,31,9929.31214062305,1,-250.853971384303,0.0
4,50.0,upward,31,9929.31214062305,2,0.0005853520646296634,0.0
4,50.0,upward,31,9929.31214062305,3,5.9916578712765555e-05,0.0
4,50.0,upward,32,9929.955134435491,0,-252.81838373039955,0.0
4,50.0,upward,32,9929.955134435491,1,-253.64701806390022,0.0
4,50.0,upward,32,9929.955134435491,2,0.0005788168350244732,0.0
4,50.0,upward,32,9929.955134435491,3,6.059665655355556e-05,0.0
4,50.0,anchor,7000,7000.0,0,-16.34209410516868,0.0
4,50.0,anchor,7000,7000.0,1,-18.718353955522396,0.0
4,50.0,anchor,7000,7000.0,2,-7.060337442829977e-06,0.00017121305454434902
4,50.0,anchor,7000,7000.0,3,-7.060337442829977e-06,-0.00017121305454434902
4,50.0,anchor,7500,7500.0,0,-16.34209410516868,0.0
4,50.0,anchor,7500,7500.0,1,-18.718353955522396,0.0
4,50.0,anchor,7500,7500.0,2,-7.060337442829977e-06,0.00017121305454434902
4,50.0,anchor,7500,7500.0,3,-7.060337442829977e-06,-0.00017121305454434902
4,50.0,anchor,8000,8000.0,0,-16.34209410516872,0.0
4,50.0,anchor,8000,8000.0,1,-18.71835395543357,0.0
4,50.0,anchor,8000,8000.0,2,-7.060337442431838e-06,0.00017121305455582682
4,50.0,anchor,8000,8000.0,3,-7.060337442431838e-06,-0.00017121305455582682
4,50.0,anchor,8500,8500.0,0,-16.34209410569716,0.0
4,50.0,anchor,8500,8500.0,1,-18.718353955878076,0.0
4,50.0,anchor,8500,8500.0,2,-7.0603372483212385e-06,0.0001712130545193445
4,50.0,anchor,8500,8500.0,3,-7.0603372483212385e-06,-0.0001712130545193445
4,50.0,anchor,9000,9000.0,0,-16.342105745317152,0.0
4,50.0,anchor,9000,9000.0,1,-18.71836511232417,0.0
4,50.0,anchor,9000,9000.0,2,-7.056055494231513e-06,0.00017121321766923287
4,50.0,anchor,9000,9000.0,3,-7.056055494231513e-06,-0.00017121321766923287
4,50.0,anchor,9500,9500.0,0,-16.59271728997702,0.0
4,50.0,anchor,9500,9500.0,1,-18.95861406773309,0.0
4,50.0,anchor,9500,9500.0,2,7.973239354448148e-05,0.00015139692151555325
4,50.0,anchor,9500,9500.0,3,7.973239354448148e-05,-0.00015139692151555325
4,50.0,anchor,9600,9600.0,0,-17.981046006341707,0.0
4,50.0,anchor,9600,9600.0,1,-20.291266989617913,0.0
4,50.0,anchor,9600,9600.0,2,0.0007920440680132979,0.0
4,50.0,anchor,9600,9600.0,3,3.6757402199712216e-05,0.0
4,50.0,anchor,9700,9700.0,0,-24.15249275344667,0.0
4,50.0,anchor,9700,9700.0,1,-26.25151539468393,0.0
4,50.0,anchor,9700,9700.0,2,0.001661169836088924,0.0
4,50.0,anchor,9700,9700.0,3,1.8128200589706442e-05,0.0
4,50.0,anchor,9800,9800.0,0,-45.78337236431326,0.0
4,50.0,anchor,9800,9800.0,1,-47.4418154814795,0.0
4,50.0,anchor,9800,9800.0,2,0.0017090213227797819,0.0
4,50.0,anchor,9800,9800.0,3,1.910285304336461e-05,0.0
4,50.0,anchor,9900,9900.0,0,-154.03367994922618,0.0
4,50.0,anchor,9900,9900.0,1,-155.05081804303967,0.0
4,50.0,anchor,9900,9900.0,2,0.0008981331468110059,0.0
4,50.0,anchor,9900,9900.0,3,3.878201904780236e-05,0.0
